id,domain,status,purchase_price,renewal_price,attractiveness,demand,length,registrar,created_at,expires_at
00221835-acca-47f9-88a0-5e4e2f4f1b7f,proceeded.talk,available,46.98,,60,2,9,namecheap,,
003fc0ce-7a7f-41df-9e39-bd02ae98170e,datafeed.talk,available,46.98,,70,7,9,namecheap,,
00484449-a841-44c8-a149-74d82550ac2b,tobetruthful.talk,available,46.98,,46,1,14,namecheap,,
0048976c-22ce-42ca-a691-b3f3796b587d,filesharing.talk,available,46.98,,76,7,12,namecheap,,
00575b16-e853-4061-bad0-dd6e7e24b590,termed.talk,available,38.99,38.99,48,4,6,namesilo,,
007095df-ad20-443b-849d-6c5286e6b834,newsarticle.talk,available,46.98,,46,2,12,namecheap,,
00753364-5f0e-4171-909f-67283e7a88ba,remarks.talk,premium,75,,56,6,7,name.com,,
008250ed-aba6-409f-a57d-fc4d6c634227,porkrib.talk,available,46.98,,55,0,8,namecheap,,
009f78cc-6040-414d-8c24-65da3575d603,fires.talk,premium,150,,46,10,5,name.com,,
00d9b04a-9890-4574-90ce-8abb584051ce,onejoke.talk,available,46.98,,70,1,8,namecheap,,
00fecfe8-54f5-4be6-a20c-78344343fb66,privateparts.talk,available,46.98,,61,3,13,namecheap,,
0109d635-04c6-4aa1-a125-6b8623fe5327,events.talk,premium,625,,68,37,6,name.com,,
01872fd4-3d0a-4e57-b0fd-93a59abaf13d,LunarNewYear.talk,available,46.98,,72,3,14,namecheap,,
01a557a2-8c5d-431a-a218-54fbc956acc3,hittingthepavement.talk,available,38.99,38.99,46,1,20,namesilo,,
01f5df80-1370-406f-862f-e80bdf06b7a9,pounds.talk,premium,75,,58,7,6,name.com,,
0206cd47-53a4-4b60-ba21-34c2d7e9af87,exchanging.talk,available,38.99,38.99,50,5,10,namesilo,,
022b15c9-8c8d-4123-b3f5-66d7cd267106,intrinsicvalue.talk,available,46.98,,66,4,15,namecheap,,
023fa8bd-c3c7-410a-a25f-d6282cc1e6a4,terracotta.talk,available,46.98,,72,12,11,namecheap,,
02571127-b002-4962-98de-a4eef4dc3e26,remembering.talk,available,46.98,,72,9,11,namecheap,,
0288bcef-ff0e-43cc-bf73-5901590c98a3,subsidiaries.talk,premium,71.4,71.4,51,2,12,namesilo,,
02a4c00d-f43a-4fad-a8e8-c82731f043c7,veggies.talk,available,46.98,,64,7,7,namecheap,,
02badb52-42e1-43da-b877-ea04e467eafb,ambled.talk,available,38.99,38.99,58,2,6,namesilo,,
02c395ca-f95e-420e-b3c6-e61d14fc0508,waitup.talk,available,46.98,,63,2,7,namecheap,,
02ceed4e-beb5-49a6-bf27-13bb5108a632,inconclusion.talk,available,46.98,,60,2,13,namecheap,,
02d3d8f7-38ec-48e3-8815-ead90b644620,makethedifference.talk,available,46.98,,72,3,19,namecheap,,
02d7660f-7f64-4e11-8c5d-383ff1ce39f4,chickenout.talk,available,46.98,,74,1,11,namecheap,,
02eb9ccd-9727-438a-87ca-749da7c90033,deadonarrival.talk,available,46.98,,46,2,15,namecheap,,
02edff2c-2804-4513-8f74-d3ff0c48deb5,coffeebush.talk,available,46.98,,80,1,11,namecheap,,
02fcdcc6-4eca-4ded-98ff-9ba7bb6f564c,persisted.talk,available,46.98,,52,2,9,namecheap,,
033e8f0d-56c5-4a6a-99de-9f8e2e027d05,standingout.talk,available,46.98,,62,2,12,namecheap,,
03406c6e-adc7-48c6-bee0-74e9c1ec5cbf,keeptabson.talk,available,46.98,,70,1,12,namecheap,,
034afe94-7bac-4ee8-b0df-a6bee51e2e7b,lordmayor.talk,available,46.98,,76,1,10,namecheap,,
0355078c-a92e-4e75-a3a8-e3edae349c9b,Godresthissoul.talk,available,46.98,,44,1,17,namecheap,,
038a65a4-47ac-418f-a0e5-ee48f9661b8f,coffeeaulait.talk,available,46.98,,72,1,14,namecheap,,
0398769c-c2ed-4141-9703-926984f35001,thanksbe.talk,available,46.98,,60,1,9,namecheap,,
03cfca3c-ac3a-47bb-a783-9ac1fb97a5f4,crowns.talk,available,46.98,,62,11,6,namecheap,,
03f296c8-bc58-4674-987a-23810b27a22c,publicservice.talk,available,46.98,,65,8,14,namecheap,,
0431d949-fbf9-4ff2-aa9c-7b6e0d4b7d78,arrested.talk,premium,75,,60,7,8,name.com,,
04517365-ace6-4b4d-bbfe-e17b4c655a06,ferries.talk,available,38.99,38.99,54,7,7,namesilo,,
045b4b34-903d-4d90-9783-44861c5bd536,givingbirth.talk,available,46.98,,89,2,12,namecheap,,
046bcfd5-16a5-4a57-8063-5636eab2db41,postponement.talk,available,46.98,,57,1,12,namecheap,,
0487da48-a974-4003-bbff-0a0d9156be5c,opts.talk,available,46.98,,54,8,4,namecheap,,
04b56fe8-7091-42a2-9425-f8b741ff03a4,IsleofWight.talk,available,46.98,,54,9,13,namecheap,,
04dbb437-909e-42ef-a708-f84925aca64b,fitlikeaglove.talk,available,46.98,,76,1,16,namecheap,,
050d4ce3-9668-4389-be3d-8ce3e839796e,Mexicans.talk,available,38.99,38.99,54,5,8,namesilo,,
052af160-afb2-4329-9034-26052a1a87dd,suppresses.talk,available,46.98,,44,1,10,namecheap,,
053b63fa-d11a-4399-8d34-1f328d215247,requesting.talk,premium,75,,49,5,10,name.com,,
0566db42-5b47-420c-8b4d-4b89cd6c2413,changeout.talk,available,46.98,,50,1,10,namecheap,,
058dc1db-475c-4205-ae22-88df2e242a6a,rubberbands.talk,available,38.99,38.99,50,3,12,namesilo,,
0591d6ed-3eb1-42c9-8262-2194a8dc4a9d,Ideclare.talk,available,46.98,,58,3,9,namecheap,,
05c37ecc-6060-409c-9aa2-98f891806a41,amplifies.talk,available,46.98,,56,2,9,namecheap,,
05ceb2e3-1951-41e1-bb18-cbed2e8ac29a,keepitdown.talk,available,46.98,,46,0,12,namecheap,,
061a5fe7-7e55-44ee-b30b-a9481ac0a111,continues.talk,premium,75,,48,3,9,name.com,,
06363870-5c31-416b-a9e6-8b71bde80c4b,tbsp.talk,available,46.98,,63,5,4,namecheap,,
0658c4fd-2146-4a02-b656-9c55df90545a,publicoffice.talk,available,46.98,,69,2,13,namecheap,,
065f5f58-79fc-4dda-b98e-8c1dc052ef4b,advisors.talk,premium,75,,52,16,8,name.com,,
06b0fb7c-76ca-47c4-a3e8-49009cc020bf,keepfit.talk,available,46.98,,86,9,8,namecheap,,
06c515b6-3ef8-496b-bf0f-85d76e80785d,pardonme.talk,available,46.98,,62,4,9,namecheap,,
06ed4242-e05e-44f1-900a-0455a2e55f03,objectives.talk,premium,75,,54,5,10,name.com,,
0724e27c-d726-4fe6-933a-a89c1999e013,standardscore.talk,available,38.99,38.99,42,1,14,namesilo,,
07363a2b-004a-4b82-be48-afc2f348a67f,aunts.talk,available,46.98,,54,2,5,namecheap,,
0749f5b7-dd8f-4df9-9f04-1b7798ad417a,getstraight.talk,available,46.98,,77,1,12,namecheap,,
0752c0bd-ec3e-4d09-b4e9-fe4cbb4d3f9a,waxpaper.talk,available,46.98,,66,2,9,namecheap,,
0788cbec-f849-443c-a190-96df6635a0fa,eachway.talk,available,46.98,,68,2,8,namecheap,,
07ac5204-6989-4c1c-bdfa-e03e8feb04b6,thanksgiving.talk,premium,75,,84,13,12,name.com,,
07c1961e-e5db-4d42-84de-4d130684c7cd,tablets.talk,premium,75,,68,11,7,name.com,,
07e5664a-14a9-4f07-b9e1-ccef15b354b3,letitalone.talk,available,46.98,,80,1,12,namecheap,,
081fe96c-98de-45ac-b6d4-61d5b6c5385a,permitted.talk,premium,75,,64,5,9,name.com,,
082d99a3-6960-4536-9208-c2f2ba9f446b,finalreckoning.talk,available,46.98,,58,2,15,namecheap,,
08637821-5236-4b4a-9bd8-ef3a621a3774,hanginthere.talk,available,46.98,,54,3,13,namecheap,,
086a1449-2ec6-4af4-987d-1fd681adc480,CatholicChurch.talk,available,46.98,,70,5,15,namecheap,,
087d9330-f681-4602-bc0d-67afd90cbc5d,vacations.talk,premium,625,,56,19,9,name.com,,
088c8356-941e-4588-85a3-c64de26adadc,letoneselfgo.talk,available,46.98,,72,0,14,namecheap,,
0893abc2-4255-4569-8f64-b4ea58224e46,haveityourway.talk,available,46.98,,56,6,16,namecheap,,
08d05dc4-2b80-42a7-96f3-927b1dddfbe7,floods.talk,available,46.98,,38,6,6,namecheap,,
090d0669-8014-485c-a9fc-a9a28eb1d881,makeswaves.talk,available,38.99,38.99,60,1,11,namesilo,,
09145003-2811-487b-a05d-6f7019a5ab1b,WonderWoman.talk,available,46.98,,92,10,12,namecheap,,
09264c84-ec45-46f7-824e-40d5e720cffa,peas.talk,premium,312.5,,51,10,4,name.com,,
09303b31-8839-432e-a423-ce5ac49e1863,Ihavenever.talk,available,46.98,,68,1,12,namecheap,,
09483780-8b93-42db-a565-249693d49b59,onlyjust.talk,available,46.98,,49,2,9,namecheap,,
096a76dd-2534-438f-98e0-036bcf6ce415,getoneselftogether.talk,available,46.98,,49,1,20,namecheap,,
099b16a7-0399-4628-9ea5-8fa65880e6bc,makingwaves.talk,available,38.99,38.99,64,7,12,namesilo,,
09c3778c-590f-495c-a129-e5572a576c4c,passports.talk,premium,150,,59,10,9,name.com,,
09e5fb01-6122-4b0d-8bed-ecfc11e82d66,fillintheblanks.talk,available,46.98,,64,2,18,namecheap,,
0a38c8b5-16a1-4c9c-9439-0505270752ba,reacted.talk,available,38.99,38.99,52,3,7,namesilo,,
0a49a629-64af-4013-847f-8e7f8183f582,treating.talk,premium,75,,70,3,8,name.com,,
0a4f15e3-e2e9-4b94-835b-603336d54323,updates.talk,premium,71.4,71.4,54,15,7,namesilo,,
0a95fb0c-9cd8-4b76-bf83-876d21978a51,whitewine.talk,available,46.98,,76,6,10,namecheap,,
0a96e7ca-86ac-469c-a23d-34073e692393,RomanEmpire.talk,available,46.98,,86,4,12,namecheap,,
0aa8a2d0-807b-457d-8018-3c902dbd8f04,returns.talk,premium,75,,72,16,7,name.com,,
0ab7140b-c9b3-4090-b233-7f891f5c65e0,niches.talk,available,38.99,38.99,53,6,6,namesilo,,
0af3bfe7-e05a-4b31-8619-76f928aecbe6,progressing.talk,available,46.98,,56,3,11,namecheap,,
0af9ee9d-e4af-4778-8070-534aa3f6e5cf,pierogi.talk,available,46.98,,82,7,7,namecheap,,
0b486c8d-ab87-4801-ae3d-29c9a0b45f3e,takehuff.talk,available,38.99,38.99,64,1,9,namesilo,,
0b88a052-bb88-417d-b5da-4a03a0a2a1e8,justthen.talk,available,46.98,,62,1,9,namecheap,,
0b8b5b18-224b-4c47-8baf-3a9d634a2747,slipdress.talk,available,46.98,,76,1,10,namecheap,,
0b9f014e-204c-4d57-a7d1-c470321f82d8,carrymeout.talk,available,46.98,,46,1,12,namecheap,,
0ba44ba9-cdc4-4d82-ac66-8070dca067b3,skirting.talk,available,38.99,38.99,64,3,8,namesilo,,
0bac55fe-ef3d-45f2-8bee-79d6f3b2b843,takeaways.talk,available,46.98,,56,5,9,namecheap,,
0bb9a739-7e0c-42e7-b57b-f1081e92e09d,madewaves.talk,available,38.99,38.99,54,1,10,namesilo,,
0bbefaaa-08d8-4995-96fb-543ec4411d41,getphysical.talk,available,46.98,,80,1,12,namecheap,,
0bc6d5dc-134d-428f-8df3-eeb3e670ef1b,Lordhavemercy.talk,available,46.98,,54,2,15,namecheap,,
0bc87aee-fdde-471a-ab0b-d98797dd4981,affects.talk,premium,71.4,71.4,54,4,7,namesilo,,
0bcbef6f-a908-4917-9a3c-50fd98a93d9c,shortcuts.talk,premium,75,,48,41,10,name.com,,
0bd5c475-47f5-4938-b4fc-c2ba8cdd2833,charts.talk,premium,71.4,71.4,64,18,6,namesilo,,
0bf3b0fd-6860-428d-bab8-342146ee297a,majorityproblem.talk,available,46.98,,50,0,16,namecheap,,
0c1be3a0-cd5a-4fc7-bea9-1856ee75e066,gobankrupt.talk,available,46.98,,68,2,11,namecheap,,
0c2e630c-bb78-45e5-b198-ea014cd73ac9,steponit.talk,available,46.98,,75,2,10,namecheap,,
0c438fb2-1649-46f3-99f4-52a88f38df98,havea.talk,available,46.98,,60,7,6,namecheap,,
0c4a62b6-766f-45eb-9670-2d2a1d288af8,owning.talk,available,38.99,38.99,52,7,6,namesilo,,
0c9c7c28-75b2-4f98-94f7-d9fe737de03e,costsaving.talk,available,46.98,,68,2,11,namecheap,,
0cc207fc-8289-47b4-a288-b1350923de40,proofs.talk,available,46.98,,55,13,6,namecheap,,
0ce8d2e6-273b-4755-a7e5-05b8eb7abc87,CapeCod.talk,available,46.98,,78,22,8,namecheap,,
0d1ee9f5-200a-4b22-923b-3047d8e3d6f5,getpastoneself.talk,available,46.98,,62,0,16,namecheap,,
0d229671-7f86-4683-918a-a681934af76c,keepin.talk,available,46.98,,72,6,7,namecheap,,
0d2459d3-e9b8-4a74-a7e5-da574bbe836f,getittogether.talk,available,46.98,,75,3,15,namecheap,,
0d2b3fc3-39cc-46ea-a0ea-166f6daf269b,tycoons.talk,available,38.99,38.99,55,6,7,namesilo,,
0d437cf8-d698-41bd-9816-c042808d1dc6,mutualaid.talk,available,46.98,,78,9,10,namecheap,,
0d8ecc63-d4af-4b86-b74d-2e11a746442f,Ispin.talk,available,46.98,,76,5,6,namecheap,,
0d971d6e-d31d-414e-ac1c-684b109aae14,showin.talk,available,46.98,,72,4,7,namecheap,,
0da6b8cd-fcbc-416b-a075-1b2d5aa61a68,jetblack.talk,available,46.98,,82,8,9,namecheap,,
0db6a066-5400-4470-ad7e-cd4833420506,intune.talk,available,46.98,,72,16,7,namecheap,,
0dd32732-b1d1-4cf9-96f8-d832ce2fcef9,gettobe.talk,available,46.98,,54,1,9,namecheap,,
0ddc2c3c-d08a-439d-9968-1bf79de7e789,Trumpcare.talk,available,46.98,,63,3,10,namecheap,,
0df19736-e163-4c97-9aaf-cabef76d0a49,satellites.talk,available,46.98,,59,8,10,namecheap,,
0e04a127-0718-4131-b0ff-c7194e91b918,turnedon.talk,available,46.98,,52,3,9,namecheap,,
0e1378e3-3e5b-4484-8e87-1f6ee5731dff,sides.talk,premium,150,,54,12,5,name.com,,
0e2333ba-64ed-4ca7-bcc7-937046add667,parishes.talk,available,46.98,,51,3,8,namecheap,,
0e261146-0da1-4100-a8f9-a8c32ce172ca,havingamoment.talk,available,46.98,,40,2,15,namecheap,,
0e4d75d8-67a1-4364-9410-738ad7f599df,startover.talk,available,46.98,,78,6,10,namecheap,,
0e5a1d80-7c9b-4dc6-8714-39774149e56f,cometogrips.talk,available,46.98,,62,1,13,namecheap,,
0e8fb7c0-01d0-4f15-8d33-d3d2aaf55d00,pumpup.talk,available,46.98,,76,5,7,namecheap,,
0e96cccc-59df-487b-b914-966cba1f5e46,blueberries.talk,available,46.98,,70,9,11,namecheap,,
0ea5540f-4293-4690-8547-07784c6bc128,offices.talk,premium,75,,60,16,7,name.com,,
0eb32650-25d2-4bb4-a025-b287678eac2f,fittest.talk,available,46.98,,58,7,7,namecheap,,
0f2a6069-97b3-47f7-b97a-46f6b3ff17d8,ideclension.talk,available,46.98,,58,1,12,namecheap,,
0f4d1f7c-b5a9-4507-841e-11717d11af23,bedframe.talk,available,46.98,,80,3,9,namecheap,,
0f835da3-41e8-4fb3-ac27-771e62c56f7c,SouthTyrol.talk,available,46.98,,66,6,11,namecheap,,
0f8b2b7e-a9e1-4967-8c38-659bc6450fae,shares.talk,premium,75,,58,18,6,name.com,,
0fb20ca4-7c18-4c77-990e-804184d36a5a,troublefree.talk,available,46.98,,66,6,12,namecheap,,
0fc83100-25b2-4411-82be-df8186e162cd,strips.talk,premium,71.4,71.4,51,7,6,namesilo,,
0feecabe-784b-41bd-8c0d-5dc3e4f76d84,proxymurder.talk,available,46.98,,36,1,12,namecheap,,
105154b8-6711-4f27-8f79-2b6ec4bd2451,backtalk.talk,available,46.98,,68,5,9,namecheap,,
1068e873-3c55-4983-af9c-58ac0b144859,letsgo.talk,available,46.98,,57,31,7,namecheap,,
107bf9b6-e471-4070-8020-3c02c10f429c,ontop.talk,available,46.98,,66,14,6,namecheap,,
108ffd19-5ca4-4f24-a1a3-acf604f5b2dd,edamame.talk,available,38.99,38.99,80,9,7,namesilo,,
109081af-9488-4059-ac28-36011d25c6a9,sentiments.talk,available,46.98,,56,6,10,namecheap,,
1091fae9-57e2-4594-a074-8377c3a9cb90,largeandincharge.talk,available,46.98,,62,1,19,namecheap,,
1099006b-86da-41e1-86e9-7566b885498f,paused.talk,available,46.98,,56,6,6,namecheap,,
10af5dca-64fa-4ca0-9ebb-069927b6ae4c,sharps.talk,available,38.99,38.99,70,9,6,namesilo,,
10b04be2-1302-4ae8-89bc-31723e9b6e03,accountpayable.talk,available,46.98,,62,2,15,namecheap,,
10c6241f-36ab-496e-9b15-4a6298179cdd,executivedirector.talk,available,46.98,,56,2,18,namecheap,,
10dabdf7-8b67-4f65-a9d0-bd36b1905297,wipes.talk,available,38.99,38.99,56,8,5,namesilo,,
10e8230e-161a-41a7-9334-3adc816f476d,highresolution.talk,available,46.98,,64,3,15,namecheap,,
10eac652-6452-4366-b7ad-ccdbd8e67334,dogs.talk,premium,312.5,,76,28,4,name.com,,
10fa84c8-af4b-4c78-8501-f094ba103519,sighed.talk,available,46.98,,56,2,6,namecheap,,
1116cec4-a5b2-43d8-bb5b-85964557a7ff,gods.talk,premium,312.5,,72,27,4,name.com,,
112a8756-285d-42f8-bef0-2bbc1cc524ec,sailed.talk,available,46.98,,76,4,6,namecheap,,
1131c051-d05a-469a-82f2-1d532fbb7ada,holdingtheman.talk,available,46.98,,42,1,15,namecheap,,
11564b9a-0bb8-45e3-9246-124ecdcf8d15,makesenseof.talk,available,46.98,,52,1,13,namecheap,,
119b2961-ac80-44f2-95c5-e2c988959149,hangover.talk,available,46.98,,62,12,9,namecheap,,
11c6e3a5-b016-42c3-bcfb-33c66bbc12e0,nontoxic.talk,available,46.98,,74,7,9,namecheap,,
11e12258-968b-47a6-85ed-52c39388ddc7,setapart.talk,available,46.98,,72,8,9,namecheap,,
11f288b9-321b-4819-8c06-c2ec10c568e2,finaltest.talk,available,46.98,,58,2,10,namecheap,,
11f4e1a2-5652-473e-9a6e-d6c1230dec6c,leavemealone.talk,available,46.98,,42,7,14,namecheap,,
11f9c499-8f51-4981-92f4-64dee72d10f5,thieves.talk,available,46.98,,45,8,7,namecheap,,
11fb404d-eb05-4bc9-bae1-5124ab05c7db,paintthinner.talk,available,46.98,,56,1,13,namecheap,,
120bda56-d746-494a-9ff6-5f56551bf8f6,goonholiday.talk,available,46.98,,68,1,13,namecheap,,
125173c4-8c8b-420c-80f5-ebb3eb969600,pegs.talk,available,38.99,38.99,48,8,4,namesilo,,
1251d127-d441-46e9-a03f-941eea5234da,accountstated.talk,available,46.98,,40,2,14,namecheap,,
127a6973-336b-4049-99f4-e83ccbfd7884,coffeepotful.talk,available,46.98,,72,1,13,namecheap,,
129a464f-2fc0-436f-b923-acce669cf60f,commonknowledge.talk,available,46.98,,72,5,16,namecheap,,
129dbc97-1188-4a25-ae69-945b59281502,homes.talk,premium,150,,86,34,5,name.com,,
12aa1399-8440-44b2-83ac-e8b3aec567f5,trials.talk,premium,75,,48,12,6,name.com,,
12d0b59d-5a5d-4bcb-b44c-b8df42b04b4e,manuallabour.talk,available,46.98,,58,1,13,namecheap,,
12ff436a-dedd-40e5-b291-5a03cd88c036,businesses.talk,premium,75,,60,12,10,name.com,,
1301b67f-147d-4e84-b51b-f47ff22a17d0,getup.talk,available,46.98,,82,14,6,namecheap,,
1356380c-8ec9-4f8c-b470-57f0f0c43d30,rented.talk,available,46.98,,54,8,6,namecheap,,
13656dfc-f720-473e-8048-78c0002337ef,pairofshears.talk,available,46.98,,59,1,14,namecheap,,
1367b751-47eb-48e7-a4d0-d544627724c8,teeheehee.talk,available,46.98,,88,1,11,namecheap,,
13786c8b-49dd-4895-8d6e-a93f3de21f6d,rehabs.talk,available,38.99,38.99,51,8,6,namesilo,,
13873ffb-ddc4-43a7-8d95-49759f415fb5,reflects.talk,premium,75,,50,6,8,name.com,,
13a5a65f-e1d9-4409-8fea-ba67a3f604ff,gettingeven.talk,available,46.98,,48,1,12,namecheap,,
13ad2c2d-3e95-44f3-9e76-38b31e306560,keypresses.talk,available,38.99,38.99,54,0,11,namesilo,,
13b183cd-8118-464e-b0c1-3764269b709e,diseases.talk,premium,75,,40,5,8,name.com,,
13b8ef03-cdb5-4105-a374-39353e4decb5,attempts.talk,premium,75,,54,3,8,name.com,,
13c84e3c-22b8-4ef6-a47c-0ddfc25676f7,revolvearound.talk,available,46.98,,62,1,14,namecheap,,
13cd86e0-d862-4b98-b046-bc162720a27d,takeoffice.talk,available,46.98,,77,2,11,namecheap,,
13d1f52c-d526-4559-84e9-aac1e203a8d2,rashes.talk,available,38.99,38.99,40,3,6,namesilo,,
140ffdcc-1c18-41fe-abb7-c3f599527b5f,tryon.talk,available,46.98,,77,13,6,namecheap,,
1433356d-27f4-49b3-9a44-50e050034da7,finalrespects.talk,available,46.98,,42,1,14,namecheap,,
1458f83a-6244-4e94-90ec-2ab98384030c,lightupon.talk,available,46.98,,72,2,10,namecheap,,
14593b09-a884-44d2-a63f-db7ecc90f3eb,explains.talk,premium,71.4,71.4,50,4,8,namesilo,,
1459e92f-1f33-4298-920a-c4b7c9f212f1,getmoving.talk,available,46.98,,84,7,10,namecheap,,
1479aa3e-1dcd-4193-829b-8b85b7c5cc20,letsomeonego.talk,available,46.98,,69,1,14,namecheap,,
148a43cd-087c-40a5-9fa2-ed92d28b5ae3,makeuse.talk,available,46.98,,78,1,8,namecheap,,
14ce944b-09ab-4865-88d5-d0ec8ff1e1c0,justgone.talk,available,46.98,,61,2,9,namecheap,,
14fc5011-ce85-48da-882e-aea9676c4ed1,getmarried.talk,available,46.98,,88,5,11,namecheap,,
15103d50-9862-479a-8334-84d93ea7a90e,lunchmoney.talk,available,46.98,,78,7,11,namecheap,,
155704f1-e5d0-4e7f-8b0e-d98a55e0e668,inthesameboat.talk,available,46.98,,48,2,16,namecheap,,
155ffc67-528a-4a05-9b3b-5e3036941a24,backwhen.talk,available,46.98,,54,3,9,namecheap,,
15926ea0-5a3b-484c-b7d5-4922288a6c8d,inthemoment.talk,available,46.98,,48,7,13,namecheap,,
15949172-c2dd-490e-9d47-38283e599f6a,keyserver.talk,available,46.98,,70,4,10,namecheap,,
15bbc15a-bc64-4e9b-b1d3-87ac455d2767,quotes.talk,premium,75,,58,29,6,name.com,,
15cb8884-fb8c-4242-9f87-7b2e4821e117,introspection.talk,available,46.98,,66,8,13,namecheap,,
1636cd05-2abf-4ee5-ae3f-fe7d86392997,tabs.talk,premium,302.5,302.5,46,19,4,namesilo,,
1650938c-22b7-456c-9095-fae64f36d8bb,tastes.talk,available,38.99,38.99,52,6,6,namesilo,,
1661cb89-f69b-490b-b590-97a57b395c37,uptill.talk,available,46.98,,50,1,7,namecheap,,
169c142d-4e09-4e1a-956d-dd6b1672d561,goitalone.talk,available,46.98,,74,1,11,namecheap,,
16e19365-8837-4a13-8b6a-ec1080dedf9c,manyandvarious.talk,available,46.98,,46,2,16,namecheap,,
16ecbf01-2de7-4a0c-a764-5db558f0b018,couples.talk,premium,625,,52,14,7,name.com,,
16f4fe76-8042-4e4c-9977-3f703f9f5300,bearings.talk,available,38.99,38.99,50,11,8,namesilo,,
173ea3ef-a6fa-4c17-b63e-3d6c1b9eea90,commonland.talk,available,46.98,,74,2,11,namecheap,,
17606ad2-c8bb-4cb7-bc68-2051f93251c8,rivals.talk,available,38.99,38.99,48,20,6,namesilo,,
17687f87-7f2d-4092-b629-e98010dda26d,norms.talk,available,46.98,,45,7,5,namecheap,,
17d2eb8c-d953-46e8-9755-cfebb8e71d6d,females.talk,premium,625,,62,8,7,name.com,,
17f72192-e8c5-4d17-ab08-9197e17d16c4,visitors.talk,premium,75,,62,10,8,name.com,,
181ca5f7-417d-4c68-93b1-677751b02aae,getiton.talk,available,46.98,,84,3,9,namecheap,,
1824c39b-1dab-454b-a502-ba467879c1c1,poems.talk,premium,150,,58,9,5,name.com,,
1869bf2e-865d-4257-8fdc-5b6e64c6111a,playon.talk,available,46.98,,80,14,7,namecheap,,
187506b3-10c5-4dd5-86b6-0bd05f5cf9f9,adverbs.talk,available,46.98,,50,3,7,namecheap,,
18947dcf-3041-4338-898e-6415a503d31a,Frenchparsley.talk,available,46.98,,66,1,14,namecheap,,
18bea398-aa9d-4ae8-953f-c75c6d18f86a,godeep.talk,available,46.98,,74,7,7,namecheap,,
18c0350b-0cd4-4b0c-a9c7-936e0d967a61,gettingusedto.talk,available,46.98,,66,1,15,namecheap,,
18d3f0ea-5fd6-4fc0-afc6-71942f47d9a8,invogue.talk,available,46.98,,70,6,8,namecheap,,
18dc3044-127d-4137-8dca-b92ddd332593,barbecuedpork.talk,available,46.98,,58,0,14,namecheap,,
18ec2117-7dcb-4986-b7bb-cfd6ba148508,Curves.talk,premium,84,84,51,11,6,namecheap,,
18fbd89c-196a-4dd7-9f87-9e180c23e00d,dropaline.talk,available,46.98,,64,2,11,namecheap,,
1930bb81-399f-4415-b01d-17d6135cf7e8,reservations.talk,premium,75,,50,17,12,name.com,,
1942d5ad-c460-4818-aa52-dcf374802304,resorted.talk,available,38.99,38.99,50,1,8,namesilo,,
194be76a-c03f-4800-a138-c44a3abcf011,estateagency.talk,available,46.98,,42,4,13,namecheap,,
1960408a-813f-40e4-b0ac-1bb1eff5b50c,forms.talk,premium,150,,54,28,5,name.com,,
1967164c-feef-4775-b654-1e16ea487ba6,makeof.talk,available,46.98,,76,1,7,namecheap,,
197c6ba9-fe0e-46dd-a744-ae3fd45eccb8,majorityminority.talk,available,46.98,,42,0,17,namecheap,,
19fce824-3c76-4293-9447-406865320ed1,midmorning.talk,available,46.98,,80,1,11,namecheap,,
1a23c96b-a55e-4fa4-ad55-e1bdfe3c8d4a,pairofspecs.talk,available,46.98,,62,1,13,namecheap,,
1a44ccf7-fff3-450e-9527-3ac5b6acffea,Jim.talk,premium,700,700,78,28,3,namecheap,,
1a66d7ac-4f70-4cd0-b2ed-382a6a3153f3,expectedreturn.talk,available,46.98,,48,2,15,namecheap,,
1a6e7985-9f5e-4ce6-8122-405709567c62,highsugar.talk,available,46.98,,52,1,10,namecheap,,
1a6f38b8-3b2e-4ab6-8804-3417b1c9a607,makeoneselfathome.talk,available,46.98,,72,1,20,namecheap,,
1a89a378-119f-4c4f-9cc0-469058ef0aba,intheact.talk,available,46.98,,52,1,10,namecheap,,
1ab6a475-1184-4ad2-9819-98438f5b39ff,intheprocess.talk,available,46.98,,52,1,14,namecheap,,
1ac8ab9b-00d9-4352-a21b-8034084d2e88,languages.talk,premium,75,,62,12,9,name.com,,
1acdb978-592d-4be5-9cef-9fba93825ca2,goupstairs.talk,available,46.98,,68,1,11,namecheap,,
1ae64890-a1df-4150-b9ec-1e017dbfe5b0,jewels.talk,available,46.98,,80,15,6,namecheap,,
1b2ae6b3-fb70-4f21-8a0c-e108179b93c0,inwriting.talk,available,46.98,,72,3,10,namecheap,,
1b32c0fb-21fe-4f33-8b85-8e69b3f685c4,getoutta.talk,available,46.98,,54,1,9,namecheap,,
1b41bc0b-9c54-402a-ac07-9e6b4889a1a2,squeakyclean.talk,available,46.98,,66,6,13,namecheap,,
1b4907d4-05a3-48d5-9d2b-1d004bec4d8c,matcha.talk,available,46.98,,86,39,6,namecheap,,
1b5db997-7d07-4c44-9180-d6d71e93eb28,scoopthepool.talk,available,46.98,,44,1,14,namecheap,,
1b6690de-fa4d-47b9-bf0e-c5fca7157c5a,setinstone.talk,available,46.98,,68,4,12,namecheap,,
1b6ba7c1-b276-466e-8ead-3ec6d79304bc,letsomeonehaveit.talk,available,46.98,,67,1,19,namecheap,,
1b9dc5ec-e589-47e9-9f8d-2350dfe1c1d8,specialed.talk,available,46.98,,76,6,10,namecheap,,
1bbf8d64-8b99-4d55-9826-c49af32852ad,movedown.talk,available,46.98,,70,1,9,namecheap,,
1bca068c-3747-4a2b-b520-0d19aba60821,ballplaying.talk,available,46.98,,70,1,12,namecheap,,
1c214d69-149a-4b75-892e-8b4fdf2582a1,Ilostmybackpack.talk,available,46.98,,50,1,18,namecheap,,
1c2584f6-a3ea-48d2-9e7a-be9ea1ebd4df,datadomain.talk,available,46.98,,52,4,11,namecheap,,
1c33cbd7-6ebb-43b7-b57d-ad59f2210737,incheck.talk,available,46.98,,46,5,8,namecheap,,
1c732b68-913e-4445-a201-5a0df56855a4,sameoldstuff.talk,available,46.98,,34,1,14,namecheap,,
1c89aea1-1222-43e1-9938-3f78ab799460,choirs.talk,available,46.98,,58,5,6,namecheap,,
1c8bbf5c-95af-45a1-927e-a09d12bc9819,cables.talk,premium,75,,54,11,6,name.com,,
1c927d14-65de-4ee2-8a33-ede45e1a3f2a,refusing.talk,available,46.98,,40,3,8,namecheap,,
1cb761c1-94b1-42f4-9512-e281673254d9,demonstrating.talk,available,46.98,,48,1,13,namecheap,,
1cc04bce-8468-4ed5-9c61-e97c9ab5d51e,getlife.talk,available,46.98,,80,5,8,namecheap,,
1cc36748-0c30-4315-937d-120c7dbc6e94,houses.talk,premium,75,,66,18,6,name.com,,
1cc91972-b7a0-4c03-99eb-2f6b04cb36c9,lives.talk,premium,150,,64,15,5,name.com,,
1ceb9d47-0e33-4964-8208-279c79de01cc,sqft.talk,available,46.98,,72,9,5,namecheap,,
1d0b79fb-8233-4179-972c-6266ee5e02e3,beridof.talk,available,46.98,,46,1,9,namecheap,,
1d36edb1-57b1-403c-967a-5f424e5bb3ce,negotiations.talk,premium,75,,56,6,12,name.com,,
1d72a9ba-a628-483d-9017-a4edd47a7db4,refused.talk,premium,75,,50,4,7,name.com,,
1d7b4219-9f42-4331-94c0-5e80051772cb,bedsheet.talk,available,46.98,,78,3,9,namecheap,,
1d83955a-3745-4311-992b-57817d55d7ae,deepfried.talk,available,46.98,,74,6,10,namecheap,,
1d90018c-d7ce-48e2-b3f7-9fad38bbe77c,regions.talk,premium,75,,64,59,7,name.com,,
1dad4e29-8717-4751-b18e-c265f6d10769,translating.talk,available,46.98,,54,7,11,namecheap,,
1db59715-fc14-407c-a76c-92bdf54a1cfb,oysters.talk,available,38.99,38.99,57,9,7,namesilo,,
1db82b44-6f82-4d83-980b-a782ec38bf5b,parkertruss.talk,available,46.98,,48,1,12,namecheap,,
1dbdadd3-1f43-4644-9bcd-f9c865f2be68,searched.talk,premium,75,,60,7,8,name.com,,
1e146fba-d7f1-4c45-b9d4-dc8932761db4,toured.talk,available,38.99,38.99,52,3,6,namesilo,,
1e26e4ae-f7b2-4923-b35e-af5b1574cbdb,movemountains.talk,available,46.98,,72,4,14,namecheap,,
1e42080f-08e0-483b-8ce4-60707047544f,getthejobdone.talk,available,46.98,,74,2,16,namecheap,,
1e9bdb9f-333f-42dc-8d4f-595318fc331a,sitaround.talk,available,46.98,,66,1,10,namecheap,,
1e9f186f-e5cd-4c37-a690-71ae246d9604,birches.talk,available,38.99,38.99,57,4,7,namesilo,,
1eaaddea-e18d-481c-8f33-d04e4b21dd7c,Trex.talk,available,46.98,,80,24,5,namecheap,,
1ed15468-b92a-4bbf-ab8b-c8eea4d9315a,OrangeCounty.talk,premium,168,168,66,11,13,namecheap,,
1ed4a298-d47d-4c85-a17f-1a3627e3ff9c,carols.talk,available,46.98,,56,7,6,namecheap,,
1ef8e91c-462a-436c-a2e5-7cc301c840e2,differed.talk,available,38.99,38.99,48,2,8,namesilo,,
1f152b9d-3f7b-4ac4-9ac3-e2fa7beb26a2,getwet.talk,available,46.98,,74,5,7,namecheap,,
1f3430ab-5191-4826-a9b9-fed6e1ce5a48,goingforward.talk,available,46.98,,48,4,13,namecheap,,
1f720858-348c-481c-95d0-f8b434af4949,getupandgo.talk,available,46.98,,70,3,13,namecheap,,
1f8b6793-e888-4b95-aedd-386e1e8b8dba,keeptogether.talk,available,46.98,,68,1,13,namecheap,,
1f9b31ec-9c82-49e5-bae0-18312b3d1ea1,godowninhistory.talk,available,46.98,,68,1,18,namecheap,,
1fa9a52e-2ac8-4a95-a13e-b3603b076c65,dropsomeonealine.talk,available,46.98,,70,0,19,namecheap,,
1fc839d9-cef8-402b-95d2-ebbc3d833204,owns.talk,premium,312.5,,56,8,4,name.com,,
1fca91be-a7ed-4188-a5d3-04c1a9e1fa1c,supports.talk,premium,75,,64,12,8,name.com,,
1fcaf30a-e482-4e09-8174-6d332b27091f,jetaircraft.talk,available,46.98,,62,1,12,namecheap,,
1fcb79d0-9f58-46e4-95eb-21557bf66d87,peed.talk,available,46.98,,54,4,4,namecheap,,
1fdd2fb5-5948-4e3d-bd61-1721276ba5eb,geartowards.talk,available,46.98,,70,0,12,namecheap,,
1ff2a29e-bc35-4ff5-aaf9-b9685bb6d02a,officekeeper.talk,available,46.98,,45,1,13,namecheap,,
1ff37dbb-2bf6-4636-96a4-219ba4316904,havenosympathy.talk,available,46.98,,54,1,16,namecheap,,
201355be-870f-4690-b586-5828ba033c7e,leaveoffice.talk,available,46.98,,58,0,12,namecheap,,
20148637-46e1-4927-b04a-1537ce39c48c,ribbons.talk,available,38.99,38.99,56,9,7,namesilo,,
202dbbd7-f574-4a9c-aedd-dd2265f8e67a,manyhappyreturns.talk,available,46.98,,46,2,18,namecheap,,
204e0eb9-3312-4f18-8051-6c46018d1be2,splits.talk,available,38.99,38.99,70,9,6,namesilo,,
205f6194-2fd6-4eef-a4cd-dd4a0b688b1b,givelife.talk,available,46.98,,58,5,9,namecheap,,
20660775-ac97-4268-879e-2a4cc3596af5,Jews.talk,premium,350,350,50,12,4,namecheap,,
20736b77-f49e-41c1-bf61-81f43070e270,newsfeature.talk,available,46.98,,50,1,12,namecheap,,
20cc94fa-1ffa-46d9-a970-4d51fa9e1090,doesone.talk,available,46.98,,52,0,8,namecheap,,
20e0c55e-b876-40f7-9756-a3ca56841ed2,longterm.talk,available,46.98,,72,10,9,namecheap,,
20e9bdae-bb57-484e-9e2f-796d10ae10de,redial.talk,available,46.98,,71,6,6,namecheap,,
21283147-f9b4-4bbf-a81a-435830b303a6,uptoanything.talk,available,46.98,,52,1,14,namecheap,,
213e790b-7fcd-4639-a07b-6c13f57a43a6,asthewindblows.talk,available,46.98,,40,1,17,namecheap,,
2154d853-1e44-4e5f-8dc8-5408592f170c,loaned.talk,available,46.98,,52,3,6,namecheap,,
215fb8ad-2258-4fb3-966b-05747eee5f24,uncles.talk,available,38.99,38.99,54,5,6,namesilo,,
2185a878-1a73-404d-b17f-7e55b65e7539,highrelief.talk,available,46.98,,71,0,11,namecheap,,
2186584a-c260-40e5-8b0f-cca2ee5aeb53,getthrough.talk,available,46.98,,79,2,11,namecheap,,
218feb45-7676-4873-9956-52ebf495d2f0,personals.talk,premium,71.4,71.4,47,8,9,namesilo,,
21ac6860-e149-4084-b11c-705841326936,eachtotheirown.talk,available,46.98,,46,1,17,namecheap,,
21d331b8-83ed-4430-9e9c-9f15b927d757,makeit.talk,available,46.98,,82,22,7,namecheap,,
21d8a9af-9fea-4523-b623-8c53f58a3d2f,orders.talk,premium,75,,60,19,6,name.com,,
22250f2b-4920-4378-82d4-77f9494a53a9,packingtape.talk,available,46.98,,70,2,12,namecheap,,
222f944d-0c98-4b2d-9dc9-6870f0bcff4a,buses.talk,premium,150,,58,10,5,name.com,,
22415b52-bdaf-4216-852b-b77eb8084f45,getround.talk,available,46.98,,74,0,9,namecheap,,
2251bfd6-64ba-4e2a-8e91-dd10f716f732,spiders.talk,premium,150,,56,10,7,name.com,,
225ae6f2-89ab-4929-9283-6dd86a95e256,couldof.talk,available,46.98,,49,1,8,namecheap,,
228e7943-980d-433d-b3db-8b5f3f00ae93,forests.talk,premium,75,,60,11,7,name.com,,
2293bfff-d767-46ae-9a01-04cb63bc8587,usualoffice.talk,available,46.98,,57,0,12,namecheap,,
22b0d59e-8671-4a41-8f3d-d4f3a729feb9,pops.talk,available,38.99,38.99,74,24,4,namesilo,,
22e40979-700a-4875-b434-6a6865995934,killed.talk,premium,75,,56,5,6,name.com,,
2338d9a0-7524-4adc-82db-a03c7af08db0,voices.talk,premium,75,,60,19,6,name.com,,
23410eb3-32d5-43f3-9b5a-63d392ce8bde,thanksaheap.talk,available,46.98,,54,0,13,namecheap,,
234c1d4d-8c57-4523-868e-6158eb9310fa,oceans.talk,premium,150,,64,22,6,name.com,,
2350e295-df34-47b5-9c51-eb2c1709046f,divinehealing.talk,available,46.98,,54,7,14,namecheap,,
239d9fbc-e2ae-4d96-a715-769e95ed1f5d,getover.talk,premium,75,,79,4,8,name.com,,
23abe3db-e8ca-4dd2-aea4-f2004070e032,riders.talk,premium,71.4,71.4,60,14,6,namesilo,,
23eae9b3-f2b7-4b1e-892e-68da370073e9,accountreceivable.talk,available,46.98,,62,1,18,namecheap,,
23f9555c-defa-4fc7-a082-da2b659e10ec,butterflies.talk,available,46.98,,90,8,11,namecheap,,
23fba4f9-15ec-4945-abb4-a65847f3b0da,letoffthehook.talk,available,46.98,,53,0,16,namecheap,,
24006a63-93de-408a-8ab2-bf2ed02f3641,pairofshoes.talk,available,46.98,,67,1,13,namecheap,,
24231796-cd4b-4a31-a348-da7c14eda1e0,proxybattle.talk,available,46.98,,44,1,12,namecheap,,
2463da7e-fecd-4fd9-b5fb-8378cbec23ef,MardiGras.talk,premium,700,700,78,10,10,namecheap,,
24727240-09ea-478c-972c-0598c6389515,overs.talk,available,38.99,38.99,49,6,5,namesilo,,
2480fcb3-aab9-4707-b9bb-e9a539ad49df,facilities.talk,premium,75,,77,10,10,name.com,,
249b0f5f-26db-4544-9423-dad4301bbd64,Imissyou.talk,available,46.98,,58,7,10,namecheap,,
24a6274b-a18f-430b-adcb-581c2de6e69a,goape.talk,available,46.98,,76,5,6,namecheap,,
24b609dd-b9eb-4c9d-8ced-fef379802a52,decoders.talk,available,38.99,38.99,50,5,8,namesilo,,
24bfa2ab-8650-46d8-b898-0fa3d9802db9,girls.talk,premium,625,,83,23,5,name.com,,
25028df0-9655-435e-8495-3e0cb03c034a,gonowhere.talk,available,46.98,,62,2,10,namecheap,,
2505c62c-75ae-4a44-b684-398b39b6a2fa,thoughts.talk,premium,75,,65,18,8,name.com,,
251a67f1-5f29-4137-8c04-6f4fc265df97,movingforward.talk,available,46.98,,56,8,14,namecheap,,
25297529-67a1-465b-a45b-9a629e1b2d17,CountyofRussell.talk,available,46.98,,42,1,17,namecheap,,
254a40e1-c4b3-4f22-8c92-d4ca098efad9,waited.talk,available,46.98,,58,3,6,namecheap,,
259c10bd-7104-438b-9bd6-11c16afe7bc2,twentyeight.talk,available,46.98,,65,8,12,namecheap,,
25a78f6d-8952-4b67-99f2-68c43c314bd5,responded.talk,premium,75,,52,2,9,name.com,,
25afe174-7431-4e4d-bd61-cb74378ab434,gotothewashroom.talk,available,46.98,,56,1,18,namecheap,,
25b33f73-963c-489b-9f21-8c36297afec4,theories.talk,premium,75,,58,6,8,name.com,,
25ba08b8-fe9e-49ae-8fdb-e25d510b02e8,parties.talk,premium,625,,58,13,7,name.com,,
25bf4dd2-9888-4186-ac13-11614140afa9,thethingis.talk,available,46.98,,48,2,12,namecheap,,
25c9165c-aecc-46bc-9674-555f3b974044,parkin.talk,premium,150,,59,8,7,name.com,,
25e7eb75-662d-490f-9358-76d834ee9b1f,ifyouwill.talk,available,46.98,,61,2,11,namecheap,,
2601a8aa-772b-4e9e-8ed9-449b6ff6d881,getstuckin.talk,available,46.98,,72,2,12,namecheap,,
260deb32-ba64-45a3-8763-79e45e82ffe8,bloodvessels.talk,available,38.99,38.99,48,1,13,namesilo,,
26352c0c-5a54-4518-ba72-81e66df9d311,likemad.talk,available,46.98,,70,0,8,namecheap,,
269d78fa-6f14-438e-ba52-015e7265a5d0,goby.talk,available,46.98,,74,9,5,namecheap,,
269f0c6e-c851-41bd-a9f1-0dde2bc6bbce,potatochips.talk,available,46.98,,54,5,12,namecheap,,
26b457ed-2499-4bad-9741-11261770a65d,shows.talk,premium,625,,66,16,5,name.com,,
26e28738-0e5e-476f-a634-9f90d071792b,mostoften.talk,available,46.98,,56,0,10,namecheap,,
26e6decc-632c-48eb-aa2c-b80f8b3580d2,comeknocking.talk,available,46.98,,66,1,13,namecheap,,
26f427b7-4974-4f92-a19a-516a2f5c5fab,hasone.talk,available,46.98,,54,1,7,namecheap,,
273ae172-bd76-4c98-80c4-e401d950771d,letonego.talk,available,46.98,,77,1,10,namecheap,,
276a2af1-f859-4957-8ce4-cfb5b48ab786,CountyofQueens.talk,available,46.98,,44,1,16,namecheap,,
277c3ca7-ac19-4062-b6d8-d6c7abedbe2a,intight.talk,available,46.98,,50,1,8,namecheap,,
27b76085-62ae-43aa-9553-7b22694dae6e,givethegreenlight.talk,available,46.98,,54,1,20,namecheap,,
27ce6214-88fc-4c82-a162-b4b23f38e823,hostesses.talk,available,38.99,38.99,56,3,9,namesilo,,
27edbf35-e335-44e3-9adb-9b9498ac4fca,newsfeed.talk,available,46.98,,54,8,9,namecheap,,
27fac887-fcd2-4733-8cec-2293a779580f,attentions.talk,available,38.99,38.99,54,4,10,namesilo,,
28718304-c679-4eea-a5a1-0167e5f6dbbf,errors.talk,premium,75,,46,11,6,name.com,,
287596cb-aeb6-4127-be5e-fa542f79cce0,furthermore.talk,premium,75,,68,7,11,name.com,,
28d029d2-0d09-4076-9882-13515a5742f6,pads.talk,premium,302.5,302.5,68,10,4,namesilo,,
28e8c205-49b9-4b79-a712-331f466a3ba7,goonrecord.talk,available,46.98,,70,1,12,namecheap,,
29308c4d-dc6d-4824-87f7-a1bd4c8fbeed,surveys.talk,premium,75,,56,15,7,name.com,,
293ea61f-ece7-43b2-af6f-25422d4369c4,comeundone.talk,available,46.98,,66,2,11,namecheap,,
2949d247-0540-4412-97b9-50d8e3bfde4d,leavenocrumbs.talk,available,46.98,,70,1,15,namecheap,,
2986ac4b-7e00-426d-a90d-2ea3bb138d20,slugs.talk,available,38.99,38.99,52,6,5,namesilo,,
29e90126-b575-4b4f-a776-de28ae950b43,MickeyMouse.talk,available,46.98,,86,11,12,namecheap,,
29f1a384-f551-4a2c-b4bd-472fcbfac5df,hoho.talk,available,46.98,,62,13,5,namecheap,,
2a1c8c50-5557-4031-a47c-eabee9d50e72,arriveat.talk,available,46.98,,70,1,9,namecheap,,
2a40aea5-9d09-4d87-a63f-4009d47287bb,divein.talk,available,46.98,,76,9,7,namecheap,,
2a4d7884-03bb-421a-a5b7-463dab4e3538,commented.talk,premium,71.4,71.4,48,2,9,namesilo,,
2a642001-3652-458f-bd0e-0849d6e37e1f,barbedwire.talk,available,46.98,,66,3,11,namecheap,,
2a96bbea-083c-4d1e-80b8-2b28f20f5419,believein.talk,available,46.98,,68,6,10,namecheap,,
2a9d271b-0e59-4c68-9d0e-956e8192c3fc,gaslit.talk,available,46.98,,64,6,6,namecheap,,
2aacf7dc-e7cb-4e4d-95b2-86ac68fdb403,makethegrade.talk,available,46.98,,70,3,14,namecheap,,
2afc0561-4638-46b3-9632-176884de301c,ambivalence.talk,available,46.98,,76,4,11,namecheap,,
2b37ad33-5a29-47ea-9d77-6a26efcc1b3b,overdressed.talk,available,46.98,,64,3,12,namecheap,,
2b3d1393-8aaf-4d0b-b939-74ad123ad5af,thefactthat.talk,available,46.98,,47,1,13,namecheap,,
2b59e718-2d4d-48fb-8594-6967844b3c4a,transported.talk,available,46.98,,61,4,11,namecheap,,
2ba0389a-6d9a-4130-ac87-7ce4e7e6eb13,gonegative.talk,available,46.98,,66,1,11,namecheap,,
2bdc1f54-cd4d-48d6-87ff-e77840acf2ec,paparazzi.talk,available,46.98,,71,12,9,namecheap,,
2c0ef8e3-ca67-48f3-b791-bad4c4344c64,videogames.talk,premium,150,,66,18,11,name.com,,
2c3bc34d-146a-4e41-a031-5ea78fd77d6f,dancers.talk,premium,625,,64,9,7,name.com,,
2c54673b-278e-4dbb-8e4e-2c885a797c56,pickups.talk,available,38.99,38.99,50,5,7,namesilo,,
2c5ea235-d638-4417-9476-8f7cf6e3ea1e,gettheballrolling.talk,available,46.98,,72,1,20,namecheap,,
2c6a6146-a070-425a-9ef4-0b443a59fa63,gostraight.talk,available,46.98,,70,2,11,namecheap,,
2c6cfa4b-4e73-48e2-9fd5-515223e39241,sweatshop.talk,available,46.98,,56,8,10,namecheap,,
2c82692c-455a-4965-849a-529f3cc68850,moveit.talk,available,46.98,,77,13,7,namecheap,,
2cdb85c2-2aae-4370-9ade-7d57f460742f,changethegame.talk,available,46.98,,68,6,15,namecheap,,
2cf53d79-9d5f-48ef-aa5b-c5cb9418ac14,chickensalad.talk,available,46.98,,76,3,13,namecheap,,
2d043e61-346e-4c91-bd62-cd9c19e80b08,sedated.talk,available,46.98,,43,2,7,namecheap,,
2d30a1ae-c893-44ad-ba4d-c85a17884aab,pizzatopping.talk,available,38.99,38.99,48,1,13,namesilo,,
2d34082b-427e-44ae-82ca-7db66099bf88,somuchso.talk,available,46.98,,50,1,10,namecheap,,
2d5f139b-0494-4794-bffb-72d943ce12ad,breeds.talk,premium,71.4,71.4,60,4,6,namesilo,,
2dbb5ea9-ee77-4d55-858e-84340f16e666,opens.talk,premium,150,,60,11,5,name.com,,
2dbd0ef4-7c12-46ac-8a59-39982102e2ab,artgalleries.talk,available,38.99,38.99,57,4,13,namesilo,,
2dc822b0-02ee-4097-8954-a83142f92917,resumed.talk,available,46.98,,56,4,7,namecheap,,
2dfc9ce4-474c-4906-a5fe-9979ef8cff72,letpass.talk,available,46.98,,56,1,8,namecheap,,
2e05e9d5-ad2c-4411-99d0-815fa773d19d,inthewayof.talk,available,46.98,,44,0,13,namecheap,,
2e160c68-c9a3-46b3-b84b-8a6b1d27753f,pickover.talk,available,46.98,,62,1,9,namecheap,,
2e246d75-4ceb-4bd8-9bdd-2a51e543e354,divinejudgment.talk,available,46.98,,47,1,15,namecheap,,
2e49196a-5c0f-4a25-94b1-e6016a6f66aa,keephouse.talk,available,46.98,,70,2,10,namecheap,,
2e49dbf6-ecca-4141-ab09-2f11063eff16,cometorest.talk,available,46.98,,70,1,12,namecheap,,
2e4fc988-964e-4d18-9477-898d4be08d6c,toes.talk,available,46.98,,58,8,4,namecheap,,
2e53c0b3-ee65-4580-b2d8-5cd54b90d148,devoting.talk,available,46.98,,56,2,8,namecheap,,
2e641234-862c-4a1b-afc7-c6c9772c8878,boilingpoint.talk,available,46.98,,60,3,13,namecheap,,
2e66a7db-f062-45b9-ba63-07cf2d6c526f,grassrootsdemocracy.talk,available,46.98,,66,1,20,namecheap,,
2e66e0ab-e2a4-4372-acd8-837e5a637adf,brings.talk,premium,75,,52,8,6,name.com,,
2e6768d5-9183-488b-b32d-6fc496dffa31,OttomanEmpire.talk,available,46.98,,64,2,14,namecheap,,
2e78d105-a0a2-46cf-9309-2dde70fc9914,mountaindew.talk,available,46.98,,74,7,12,namecheap,,
2e79920f-4cd6-4bde-a0e3-6116dc4361b1,likecrazy.talk,available,46.98,,72,1,10,namecheap,,
2e7b1a5d-94a8-4a95-9c66-2ad106aa10fe,startin.talk,available,46.98,,71,6,8,namecheap,,
2e7cd429-362b-4d11-9338-d3edcdf78ad1,scooped.talk,available,46.98,,48,5,7,namecheap,,
2e997aa2-b620-4e22-a727-0e12c747df28,massagetherapy.talk,available,46.98,,76,8,15,namecheap,,
2eca3c1c-b976-4ed4-a910-078b13e09b4e,BlackWallStreet.talk,available,38.99,38.99,44,9,17,namesilo,,
2ed27208-f69d-46db-bd8b-ed6e1e0ada37,orderin.talk,available,46.98,,77,5,8,namecheap,,
2eec99ba-3718-4c57-a209-284cc9a23d6f,speakers.talk,premium,75,,66,12,8,name.com,,
2ef281d0-d09b-4160-ac46-21c06cde3b2c,primadonna.talk,available,46.98,,68,9,11,namecheap,,
2efed8d8-d595-47c4-8298-c72b6bf4fc9e,KFC.talk,premium,700,700,74,27,3,namecheap,,
2f0b7514-be0f-4062-a450-f73497e33f5a,gofigure.talk,available,46.98,,54,7,9,namecheap,,
2f0dec92-ad76-4534-8343-400c032684b6,gingerbreadcookie.talk,available,38.99,38.99,52,1,18,namesilo,,
2f165522-3fd7-4b41-b394-69b819eddf68,bloodpressuremeter.talk,available,46.98,,48,1,20,namecheap,,
2f520f6b-b1df-4b96-8941-8f8be12c8c8e,enterthescene.talk,available,46.98,,62,1,15,namecheap,,
2f862dea-6d4d-43d5-a3d9-ad63e644c4d4,comeintoeffect.talk,available,46.98,,70,0,16,namecheap,,
2f8abfdc-9fe8-4843-b06f-5423d525eef7,webmasters.talk,premium,71.4,71.4,52,12,10,namesilo,,
2fb5764d-47fc-436c-867c-c71b7e89c1d6,Ihavediabetes.talk,available,46.98,,50,2,15,namecheap,,
2fbe919e-b843-462a-8e47-f2ea3b07995f,coaches.talk,premium,71.4,71.4,56,15,7,namesilo,,
2ff87ada-f505-4923-bcba-628258948649,youwish.talk,available,46.98,,60,5,8,namecheap,,
2ffaba27-7209-4d71-be60-23936c7dd3a1,comeondown.talk,available,46.98,,76,1,12,namecheap,,
30112f71-e20f-49cc-aaa5-60f04bab7b3a,WorldWarIV.talk,available,46.98,,52,1,12,namecheap,,
301d000c-ce8e-4c66-82cb-cd0f5ac658ae,onfire.talk,available,46.98,,50,12,7,namecheap,,
3048068d-1d87-410b-b61d-ed97f8b86608,ontheropes.talk,available,46.98,,59,2,12,namecheap,,
305f9414-60d5-4201-8472-741e0aed7fa9,sentences.talk,premium,75,,60,5,9,name.com,,
3062c729-4add-4921-bebf-f680a0b4e6fe,sneezes.talk,available,38.99,38.99,50,2,7,namesilo,,
307480ef-8fb8-4c16-8447-03dc78b49eb5,engines.talk,premium,71.4,71.4,58,11,7,namesilo,,
3075bf3b-9271-4df3-8381-ca33c5db0a43,hangon.talk,available,46.98,,82,6,7,namecheap,,
30ae4fcf-5c50-497f-a12c-2ae98aafea5f,nowonder.talk,available,46.98,,78,3,9,namecheap,,
30c03319-ad6f-4774-99f1-171e97dbf77a,plays.talk,premium,150,,56,16,5,name.com,,
30cab84f-c7ab-4745-90d5-9ff9f3aaf0b5,seemlike.talk,available,46.98,,54,0,9,namecheap,,
30cd356a-766c-4570-91ca-832b6d25be47,goAWOL.talk,available,46.98,,46,2,7,namecheap,,
30d095f5-5172-483c-a5ff-77fd7d9124e5,herbaltea.talk,available,46.98,,80,5,10,namecheap,,
30db28eb-df23-488a-96c4-6d58cbadc532,dont.talk,premium,312.5,,42,18,4,name.com,,
30e88ad7-1365-4c59-8cc4-abc76f704d62,templates.talk,premium,75,,54,17,9,name.com,,
3106f815-61c7-449a-b90e-3534bb010825,launchsite.talk,available,38.99,38.99,60,7,11,namesilo,,
3112882d-2164-4b6c-a68a-f2ca45b1a437,scoopin.talk,available,46.98,,68,1,8,namecheap,,
313a5a81-1c37-4068-a092-853886d0cac8,conductcode.talk,available,46.98,,50,1,12,namecheap,,
314be29e-ae4e-4fea-8b28-7f0479d61684,thickskinned.talk,available,46.98,,52,1,13,namecheap,,
3152510b-9628-4f83-a5c0-281a19ef056d,failed.talk,premium,75,,60,11,6,name.com,,
31615764-912c-4cd6-b6ac-ace7bf9b9f1b,letitbeknown.talk,available,46.98,,75,1,15,namecheap,,
316c152d-9f00-423a-bd48-d5b00f35eaf8,thereaway.talk,available,46.98,,58,1,10,namecheap,,
316d8b4b-5d5a-4764-897f-3394caaa9033,fastacting.talk,available,46.98,,72,1,11,namecheap,,
31735dca-ec7b-4872-bb54-cfdf6dcab0ed,goround.talk,available,46.98,,68,3,8,namecheap,,
317956aa-4a68-4fc3-8eda-3fc8e7a5eb44,oaks.talk,premium,302.5,302.5,53,16,4,namesilo,,
317d8afd-9eb4-4ee1-9d72-4f402e01834c,deeplearning.talk,available,46.98,,74,23,13,namecheap,,
318731be-558c-49e4-ab9a-3a622ca97db2,drapes.talk,available,46.98,,76,5,6,namecheap,,
31952aeb-fa4e-4326-ac5d-ca17f8cad6e2,gomissing.talk,available,46.98,,70,1,10,namecheap,,
319851ff-727c-4442-ab7b-84d21f51cdbb,executiveprivilege.talk,available,46.98,,62,1,19,namecheap,,
319b30a9-d11d-4991-908c-7124e99b2d06,officedoor.talk,available,46.98,,55,1,11,namecheap,,
31ad8f48-108f-4b30-b997-ac53f7445f7b,pairofstairs.talk,available,46.98,,65,1,14,namecheap,,
31b1c820-5b24-4000-8fc4-72e81b4c4558,yams.talk,available,38.99,38.99,56,10,4,namesilo,,
3240fe38-f8a7-422b-b904-9ee78fbf7e54,getthememo.talk,available,46.98,,74,1,12,namecheap,,
326458bf-de49-4273-8342-95a4814be955,males.talk,premium,625,,58,9,5,name.com,,
326fb228-7bdb-4419-86f5-c67094f7de5e,relationships.talk,premium,75,,48,12,13,name.com,,
327a4b5e-78a7-475c-be3f-c8e584ca87b2,longlasting.talk,available,46.98,,68,3,12,namecheap,,
328073c2-1f91-498b-adc0-25ffb0ba374a,Ifeelyou.talk,available,46.98,,58,4,10,namecheap,,
3292b20a-622a-4379-bdd3-69e4fbd2d3c7,Lordknows.talk,available,46.98,,66,2,10,namecheap,,
329d59f4-97d8-4b74-9410-0296ee8528c3,stepforward.talk,available,46.98,,74,10,12,namecheap,,
32b679a6-4306-439a-827c-50dcf7bdc7b7,exclaims.talk,available,38.99,38.99,50,1,8,namesilo,,
33097698-f83a-4571-a168-1973ace8ac93,brothers.talk,premium,75,,60,22,8,name.com,,
331c9579-a938-442e-9229-6e4848de834f,comedians.talk,premium,150,,56,4,9,name.com,,
332a027e-c7e8-409c-a2b1-be7bc6528e6a,hasto.talk,available,38.99,38.99,56,3,6,namesilo,,
332bd117-eca1-4f46-93f5-1797035a8b73,retailbanking.talk,available,46.98,,59,3,14,namecheap,,
33535573-e13f-4025-8a07-68b82e097b32,storms.talk,premium,150,,60,10,6,name.com,,
33592f81-2761-4247-9b72-a9dc2be11dfa,pulls.talk,available,46.98,,52,6,5,namecheap,,
338b0803-433a-4891-9cfa-7541e5cf0167,flashfloods.talk,available,38.99,38.99,42,1,12,namesilo,,
33bc453e-f719-47e6-97e4-9697bb4fc13e,wagons.talk,available,38.99,38.99,52,4,6,namesilo,,
33da9603-03f1-475b-9b69-ab139d1555d3,studs.talk,premium,625,,69,7,5,name.com,,
33f6cdf4-3c70-4186-9f81-cae2551af567,droppingin.talk,available,46.98,,70,2,11,namecheap,,
340b7bdc-c793-4ee2-ac6a-75c147da2669,makethefinalcut.talk,available,46.98,,50,1,18,namecheap,,
341ffdcb-7452-424a-9e4d-9ade69057838,surroundings.talk,available,46.98,,75,4,12,namecheap,,
3425cdb7-d1e1-47e9-bc39-be1014cdcf10,flashmemory.talk,available,46.98,,76,2,12,namecheap,,
347bfd92-c115-471b-8c3c-04f7bc50ed1b,filetypes.talk,available,38.99,38.99,46,3,9,namesilo,,
34aac315-9453-446b-9a30-2e403b6268c5,setin.talk,available,46.98,,68,5,6,namecheap,,
34b4ce62-a2a7-4151-a9bf-540a5d32976e,chickenroll.talk,available,46.98,,76,2,12,namecheap,,
34be84e4-ea35-450e-8871-47cacd235cb1,sophistication.talk,available,46.98,,70,3,14,namecheap,,
34c1e561-3cfc-45ac-b42a-9c275ec55d46,packup.talk,available,46.98,,76,5,7,namecheap,,
34e22bff-35d9-46fd-9c44-42ad26b3c031,Frenchtoast.talk,available,46.98,,80,7,12,namecheap,,
34ea0cfd-d858-4634-a0e2-1a049df62639,makehappen.talk,available,46.98,,80,3,11,namecheap,,
3523da85-8f4d-4e42-8a07-425d7bfd3bf1,smashandgrab.talk,available,46.98,,48,2,14,namecheap,,
352432ea-4618-43e2-9011-5a310d4e9dd8,platearmour.talk,available,59.99,,65,1,12,name.com,,
352ebe18-61a2-49f9-935d-e4a84d7d64db,centres.talk,premium,71.4,71.4,53,4,7,namesilo,,
35618679-1bd7-4e6e-9e3f-260d4133d63b,icons.talk,premium,150,,68,19,5,name.com,,
358a738f-1a7c-4253-8fd7-24d7615c7ca6,smashup.talk,available,46.98,,58,5,8,namecheap,,
35b103cd-c653-421a-b07c-14073bd806a6,wrinkles.talk,available,46.98,,55,4,8,namecheap,,
35c18b24-70aa-4560-8988-13b4e5baed34,snowballs.talk,available,38.99,38.99,59,7,9,namesilo,,
35ca9330-0a8e-492d-9b0e-a40d998a48a5,Iswear.talk,available,46.98,,58,2,7,namecheap,,
35cbb6b7-d540-49c2-8f72-6c870403ab58,resulted.talk,premium,71.4,71.4,46,2,8,namesilo,,
35cbcdec-9c71-4842-93ec-0cb88a748c40,Ihavecancer.talk,available,46.98,,44,2,13,namecheap,,
35e2064b-ad2f-4334-a724-b0fa506305a5,windowdisplay.talk,available,46.98,,42,2,14,namecheap,,
35e48c98-fe19-471a-a9f5-bd43be0c9ef5,mornings.talk,available,38.99,38.99,64,6,8,namesilo,,
36245b20-8fa3-4d13-971e-e81018d665e9,mealsonwheels.talk,available,46.98,,80,5,15,namecheap,,
366d7c08-cc3f-4934-9445-87eb1e146279,cometogripswith.talk,available,46.98,,62,1,18,namecheap,,
366ff689-6a11-4b28-b0a3-85f040b07c7e,manuals.talk,premium,71.4,71.4,54,13,7,namesilo,,
3688df04-99d3-4ff8-9b2c-b344563348ff,tonedown.talk,available,46.98,,72,1,9,namecheap,,
36a4ef94-9db2-42d7-8454-4a8d4484c62e,barbecuesauce.talk,available,46.98,,76,2,14,namecheap,,
36ec1254-3f22-4974-8881-ff3ff92c21c3,publichealth.talk,available,46.98,,72,13,13,namecheap,,
36f096ea-8fa0-44f4-882c-75af154b16fb,titles.talk,premium,75,,56,9,6,name.com,,
36f6be67-c080-4d4b-b08c-f6c89fe7d8cb,voted.talk,premium,150,,54,6,5,name.com,,
3712e30b-245f-445e-8c31-ddba186e00e0,Ineedaguide.talk,available,46.98,,50,1,14,namecheap,,
371de50b-60bf-449c-89e0-d5b18a670c32,WiFi.talk,premium,700,700,83,37,5,namecheap,,
3733cd69-307c-4861-92dd-9cecc541388b,towels.talk,premium,150,,68,9,6,name.com,,
374a2341-3fe4-453c-b7ee-5f778b8f83f2,pitchdark.talk,available,46.98,,55,2,10,namecheap,,
375e9872-5444-4f1d-bf84-38fea6556493,seekout.talk,available,46.98,,77,4,8,namecheap,,
3771a174-a03d-4804-8473-f8092d7483eb,workfromhome.talk,available,38.99,38.99,51,16,14,namesilo,,
3771ff1b-22ef-4359-a55f-4bc563ad7c01,getupto.talk,available,46.98,,74,2,9,namecheap,,
379b58d1-89e9-48d3-bac7-844789f19c0c,letwellalone.talk,available,46.98,,47,1,14,namecheap,,
37d9cfa1-86ec-4b10-aa9b-8ca2da09e707,endconsumer.talk,available,46.98,,68,1,12,namecheap,,
38000b16-f3df-491f-bafc-55c2c4341bae,urged.talk,available,46.98,,60,3,5,namecheap,,
381503da-5e2e-4b07-aee6-f56341a72f13,scanners.talk,premium,71.4,71.4,53,7,8,namesilo,,
3825c8e8-3457-4115-bab9-72350c8e6b83,cuttherug.talk,available,46.98,,76,1,11,namecheap,,
3848a9b2-2f6e-481d-9c6f-ed1bc5a6c79b,calls.talk,premium,150,,50,16,5,name.com,,
3858ba91-18fc-467e-99d2-2d76d7188dd2,promotes.talk,premium,75,,56,2,8,name.com,,
38888021-fb46-4ba7-896b-e4f9a0f8372a,collapses.talk,available,38.99,38.99,38,1,9,namesilo,,
38a1aa31-e095-41b5-a260-dadc55919bff,manycoloured.talk,available,46.98,,60,1,13,namecheap,,
38aca665-6078-41a5-b19f-b745979276db,spellingbook.talk,available,46.98,,48,1,13,namecheap,,
38dbedff-2f04-41ba-ad05-53e3ce98aec9,gascooker.talk,available,46.98,,52,1,10,namecheap,,
39072988-1607-4cfc-8670-675486742818,rolemodel.talk,available,46.98,,85,6,10,namecheap,,
391ef0af-0bea-478e-a65b-7573d9c3e26e,travels.talk,premium,75,,64,18,7,name.com,,
397f305f-9709-4557-b339-e722f2f0391e,gooutonalimb.talk,available,46.98,,60,1,16,namecheap,,
39998944-ab8a-4c13-aacf-e6df3383ae1d,CountyofSussex.talk,available,46.98,,44,2,16,namecheap,,
39b49cb2-d5e3-4ead-8ba8-1050578906e9,onfile.talk,available,46.98,,48,4,7,namecheap,,
39bf1c38-1a03-4d61-805c-00bdb4b12c53,variables.talk,premium,84,84,50,6,9,namecheap,,
39db3210-e94f-412e-8fac-2f3f84c6f5ee,affirmation.talk,available,46.98,,82,10,11,namecheap,,
39f8abd1-bdcb-4e63-a4e8-058a7ef40c9e,pairoftongs.talk,available,46.98,,65,0,13,namecheap,,
3a16627e-6e7d-4c01-bcfb-a897c0db9be9,settledown.talk,available,46.98,,80,2,11,namecheap,,
3a179134-8627-47e4-9776-0603dd4c27ac,setto.talk,available,46.98,,72,6,6,namecheap,,
3a179edf-c648-4930-8fee-20d9a52b9232,introduces.talk,premium,75,,58,2,10,name.com,,
3a4f51ff-3a31-4237-8d7e-1dd9c0593b49,IsleofWightCounty.talk,available,46.98,,52,2,20,namecheap,,
3a7a09d0-8015-48c7-b9ba-99109923baf6,lordsandladies.talk,available,46.98,,68,2,16,namecheap,,
3a9c82fe-3e57-413d-b403-6a16dd9899d6,chairs.talk,premium,75,,54,11,6,name.com,,
3abc6f06-3bcf-4392-9167-46350ca9b323,divas.talk,available,38.99,38.99,62,10,5,namesilo,,
3afb725e-9154-4010-bbfa-3b6f6f4c767f,flaxcotton.talk,available,46.98,,56,0,11,namecheap,,
3b2e4821-9393-4a50-ac16-a8a32bdb6e05,pileup.talk,available,46.98,,65,3,7,namecheap,,
3b600836-b687-4da9-a13a-e2aeb1f47e4c,drops.talk,premium,150,,52,25,5,name.com,,
3b8233a8-73db-4c41-a09e-356c0c4f84c5,OpiumWar.talk,available,46.98,,52,1,9,namecheap,,
3b9138f9-9235-4db7-b15f-a4b75090d23e,spellitout.talk,available,46.98,,74,2,12,namecheap,,
3b97f1c6-8fd0-48b6-99c5-41f751d17eb3,moustaches.talk,available,38.99,38.99,53,3,10,namesilo,,
3bb34945-4a41-4e40-9fc6-2396d0269963,textmessages.talk,available,46.98,,52,3,13,namecheap,,
3bed6149-f691-4d57-b4e0-57c26c2f29ab,inchargeof.talk,available,46.98,,49,1,12,namecheap,,
3c04c8c3-5989-4496-8686-7340adc48e03,believed.talk,premium,75,,64,3,8,name.com,,
3c0819b8-7b05-43b3-873f-fffb8f46f4f4,leaveon.talk,available,46.98,,80,1,8,namecheap,,
3c1cbb79-92d2-414a-8df9-2b12eb1a39d0,replying.talk,available,46.98,,52,3,8,namecheap,,
3c20b010-c503-47d7-86e8-235a31fb64fb,views.talk,premium,625,,62,18,5,name.com,,
3c32d855-b2ce-4990-852b-69ae6aebdda2,underwater.talk,premium,75,,64,15,11,name.com,,
3c544058-9b96-441a-adfa-d726cdf46ceb,modernschool.talk,available,46.98,,48,2,13,namecheap,,
3c615e41-f656-4ba3-84f2-cf56fb47dcbf,pantihose.talk,available,46.98,,70,2,9,namecheap,,
3c8ecb6f-49b9-4fa2-8935-947ab8ff0aea,suggested.talk,premium,75,,64,5,9,name.com,,
3c906b29-53ac-4b83-ba41-9a297828b3e1,IslesofScilly.talk,available,46.98,,52,1,15,namecheap,,
3cf4dce7-6d25-469a-bb4e-f752fc2521b3,gobackalongway.talk,available,46.98,,66,1,18,namecheap,,
3d09c941-474a-40cf-bba3-22afd504f47f,playaround.talk,available,46.98,,72,5,11,namecheap,,
3d0d879f-fb83-44a9-becf-29b18682259c,favours.talk,available,46.98,,66,4,7,namecheap,,
3d22533e-12f3-4428-8e3a-0f437e1a94da,proxyfight.talk,available,46.98,,44,1,11,namecheap,,
3d2b7c38-0d7d-4c99-a513-0101e82e38b9,accountspayable.talk,available,46.98,,62,4,16,namecheap,,
3d33e493-ea37-4ebc-a759-622a86f8cef7,conflicts.talk,premium,71.4,71.4,66,5,9,namesilo,,
3d396a54-014e-46d7-9657-5de0cdabdaf5,attendto.talk,available,46.98,,70,1,9,namecheap,,
3d3fc7cb-9b89-4350-b8f3-3bcca3eb2acf,magazines.talk,premium,625,,60,11,9,name.com,,
3d506cb2-a9e5-4d23-97e1-4e29c66e5dc7,orchestrated.talk,available,46.98,,75,4,12,namecheap,,
3d80590c-9473-4c19-924b-c54a0b768a5f,generates.talk,premium,71.4,71.4,54,2,9,namesilo,,
3d8b5a5f-6eeb-4d1b-bead-968c1d00bbb4,donuts.talk,available,46.98,,54,62,6,namecheap,,
3d8dce43-8c4f-47c6-aaf6-7e11aa25ba54,keepquiet.talk,available,46.98,,74,1,10,namecheap,,
3d93d5a9-960b-46b9-beaf-e5a1fc8b734e,gobust.talk,available,46.98,,68,1,7,namecheap,,
3dafff44-ac53-488a-ad6c-5311f690eaa8,stepinto.talk,available,46.98,,52,5,9,namecheap,,
3dc75091-55be-4b7b-a639-94e515d3c2f9,quizzes.talk,premium,75,,54,8,7,name.com,,
3e135c7d-b500-4a07-88fd-cdbf8591dd14,Iputittoyou.talk,available,46.98,,50,1,15,namecheap,,
3e255563-1166-46e8-a420-14d3b6171acc,gowiththeturf.talk,available,46.98,,66,0,16,namecheap,,
3e2e68f9-85e6-494a-9418-43f14c8e0070,believeme.talk,available,46.98,,68,3,10,namecheap,,
3e315ef4-c3f3-4b90-be66-b68515bcf32b,Ihaveatoothache.talk,available,46.98,,50,1,18,namecheap,,
3e451bfb-8bce-45f6-ab66-cded40751911,walktheline.talk,available,46.98,,68,3,13,namecheap,,
3e4faf84-9fd6-462e-8844-722a1e74a580,getoutof.talk,available,46.98,,79,2,10,namecheap,,
3e71a825-f535-416f-847a-6e52e94afe06,teenyweeny.talk,available,46.98,,78,2,11,namecheap,,
3e7745b1-8ddd-4bbd-b005-204a91efc67e,treatof.talk,available,46.98,,72,1,8,namecheap,,
3e7e2e1e-b4b7-4250-a51a-4dd005927110,alcoholintoxication.talk,available,46.98,,48,1,20,namecheap,,
3e809c13-85cc-4c6e-825d-1d13e9df0cd7,abiders.talk,available,46.98,,70,2,7,namecheap,,
3e828939-04ff-41ef-b804-4acaf7c85fb6,bedamned.talk,available,46.98,,38,1,9,namecheap,,
3e83c536-870f-4bc3-b842-91004aad051e,longfor.talk,available,46.98,,70,3,8,namecheap,,
3e8b05bd-586b-4240-a92f-6d66687b2147,mouldbreaking.talk,available,46.98,,64,1,14,namecheap,,
3e9f4851-234a-461e-8437-18a913de8153,RiceBubbles.talk,available,46.98,,60,1,12,namecheap,,
3eb6de91-c13d-46c3-964f-06ba16a3e300,justyouwait.talk,available,46.98,,46,1,13,namecheap,,
3ed30752-ae9b-47fa-b4ea-1bc2f461d584,coffeecake.talk,available,46.98,,80,2,11,namecheap,,
3edcdc37-340c-4c9f-8314-d7e32c383315,goforit.talk,available,38.99,38.99,76,11,9,namesilo,,
3f0f346a-c16d-404f-af5d-0563eda6ac44,dropahint.talk,available,46.98,,78,1,11,namecheap,,
3f33a74b-ce04-4728-a4cc-9f56d03c4211,flor.talk,available,46.98,,74,14,4,namecheap,,
3f4222a7-eb59-4722-8ace-6d6139322e4b,offcampus.talk,available,46.98,,67,7,10,namecheap,,
3f4bbd67-c022-49fd-ab26-a0c6871c0786,inthelongrun.talk,available,46.98,,60,2,15,namecheap,,
3f68af66-718e-4b52-8343-5426f54d1bbe,probablecause.talk,available,46.98,,55,2,14,namecheap,,
3f79337c-fe5f-4f87-ba08-cf6fbed561f6,replaces.talk,available,38.99,38.99,55,3,8,namesilo,,
3fac3c73-4064-4dbd-b11f-2d64fa0d13dc,seperately.talk,available,46.98,,48,1,10,namecheap,,
3fdde53b-8cc4-4877-8e99-c4a3b243cf79,holdingtheball.talk,available,46.98,,62,1,16,namecheap,,
3fed7743-b1e2-4e24-be5e-97aa9bca7933,necessities.talk,available,46.98,,58,4,11,namecheap,,
3fed7aba-a24e-4507-b0fc-37482633d9f1,inthewind.talk,available,46.98,,52,2,11,namecheap,,
401143f5-4bc7-40b2-a3ed-e15e550b3da0,somewhereelse.talk,available,46.98,,60,3,14,namecheap,,
40150838-65fc-4773-a7b5-1120551d6617,actors.talk,premium,75,,60,14,6,name.com,,
40191efd-9919-42ef-bca6-9cf45a6de449,noses.talk,available,38.99,38.99,48,3,5,namesilo,,
401d4e51-0277-4745-b818-09053bdb04b9,computers.talk,premium,75,,68,19,9,name.com,,
403c78fe-0755-4f36-8de3-62bda74e6fa9,CountriesinAsia.talk,available,38.99,38.99,48,1,17,namesilo,,
404cbb43-5da0-4b2e-aa83-48390dbf8889,difficulties.talk,premium,75,,70,3,12,name.com,,
40613291-fd3a-47c4-b900-76e97e8607f9,sweeps.talk,available,46.98,,51,12,6,namecheap,,
408cb49f-aa49-4c98-894a-d6bdac50caa5,getoutofDodge.talk,available,46.98,,62,1,16,namecheap,,
40e29c8a-d19c-45d1-9f14-7295e60f2573,havethebestof.talk,available,46.98,,48,1,16,namecheap,,
40e33f17-dbe2-4964-baa5-d4aa1ad97244,resteasy.talk,available,46.98,,79,4,9,namecheap,,
4116f208-2ded-44f6-8dd0-eb2adff770d0,comeround.talk,available,46.98,,76,1,10,namecheap,,
41194c72-07cc-4375-9da9-1f8240ea4634,Icouldeatahorse.talk,available,46.98,,50,1,19,namecheap,,
4122c45f-94ec-4581-ad07-1b6f570b2859,executivecontrol.talk,available,46.98,,64,1,17,namecheap,,
412a9e79-cfe7-4379-bc82-542457b9e4d4,keepthepace.talk,available,46.98,,66,1,13,namecheap,,
4152b3ed-f411-4473-8700-8f3d139028ef,moveup.talk,available,46.98,,79,14,7,namecheap,,
417f389b-8727-42c6-a5da-39c599c61d70,gocrazy.talk,available,46.98,,72,5,8,namecheap,,
41a4245e-7cf0-4201-ad83-f50ef257951a,golong.talk,available,46.98,,74,6,7,namecheap,,
41acb05c-d0d9-4b6c-a60f-c45610aa420b,deadoralive.talk,available,46.98,,54,5,13,namecheap,,
41ee9456-ec67-4de7-84e9-b5c05bb84373,herbsandspices.talk,available,46.98,,54,3,16,namecheap,,
41f9a367-aafc-4fbb-852e-ebefa736b99b,bonvoyage.talk,available,46.98,,88,16,10,namecheap,,
420404f3-8c46-4bbd-92b9-213eb2c01253,sexualassault.talk,available,46.98,,43,3,14,namecheap,,
42181c94-5a62-494c-9817-cc193599b1c8,parkingfine.talk,available,46.98,,46,2,12,namecheap,,
4225ff67-5c4b-4b38-a970-7718d72ba71e,thenandthere.talk,available,46.98,,54,2,14,namecheap,,
4226165f-3ac6-4277-8da5-f4c0d664e73b,GreatBarrierReef.talk,available,46.98,,64,4,18,namecheap,,
42680893-9332-43f8-aab5-721e89f812fd,races.talk,premium,150,,60,8,5,name.com,,
429771a2-2efd-42dc-ade0-d6731739b35c,gooutlikealight.talk,available,46.98,,62,1,19,namecheap,,
42c18455-3441-4a8b-a0a6-60f5e77a2421,citizens.talk,premium,75,,60,19,8,name.com,,
42c4e016-af43-4e44-bfb1-2579a79d8a92,makers.talk,premium,71.4,71.4,62,67,6,namesilo,,
42c5ceff-43c4-4f36-9b6e-cb4c4a68e19b,restaurants.talk,premium,625,,57,21,11,name.com,,
42d4db77-e5f6-4790-860c-8dc4ab5d7737,snapped.talk,available,46.98,,52,6,7,namecheap,,
430b971c-9c07-4f81-92ab-9239756d6a49,drying.talk,available,46.98,,68,6,6,namecheap,,
434d98e0-08b6-42ce-9629-7ca49d4426b1,units.talk,premium,150,,56,16,5,name.com,,
435ed3ba-2c8b-4b03-a969-361330ac9f10,results.talk,premium,75,,59,22,7,name.com,,
43783354-7593-46a8-a705-cdb9d905bcf8,inthelongterm.talk,available,46.98,,60,1,16,namecheap,,
439649e9-a02c-4740-90ba-8b1b264f365f,astheycome.talk,available,46.98,,56,1,12,namecheap,,
43ccfa96-835b-4e80-a20d-871f5fa7259f,hangwith.talk,available,46.98,,70,2,9,namecheap,,
43e36205-9e54-4a08-a42d-1f89e9b7639a,dothemath.talk,available,46.98,,72,4,11,namecheap,,
43f1db88-7d59-4f0f-b6d9-87150836134f,useto.talk,available,38.99,38.99,72,2,6,namesilo,,
4427ae1f-a6b7-44c2-b39b-4728b60ee6d6,officehours.talk,available,46.98,,75,10,12,namecheap,,
444c6bf6-6dc7-4af9-8b95-136fc8877b7f,counterfeits.talk,available,38.99,38.99,40,2,12,namesilo,,
4453ada0-8919-4de3-997f-4151cb4dcf24,trussmember.talk,available,46.98,,50,1,12,namecheap,,
4457765c-2ce2-48cb-90e4-5f55a5b8f8b1,alternatives.talk,premium,71.4,71.4,58,13,12,namesilo,,
44c5ada9-abe7-4fca-873d-a16d03cfec22,criteria.talk,premium,75,,88,10,8,name.com,,
44c9f744-6ea8-44a4-9a4b-48b937b88192,equalization.talk,available,46.98,,74,1,12,namecheap,,
44e279a3-5947-4683-9f1c-77cf7da92012,pictures.talk,premium,625,,82,17,8,name.com,,
44f6c901-628e-4b6e-a6f6-42a4efbaf6ca,buds.talk,available,38.99,38.99,54,15,4,namesilo,,
45035ff1-30c8-46a7-a68f-6326bf955bf3,gooverboard.talk,available,46.98,,64,1,12,namecheap,,
450e425b-3c3b-4332-b600-164406b7b3b1,coats.talk,premium,150,,68,12,5,name.com,,
45111e77-734d-48c3-a730-7f143f23f130,nauseousness.talk,available,38.99,38.99,58,1,12,namesilo,,
4542644b-9431-4191-9d7a-1d249ffea7b9,LordofChristmas.talk,available,46.98,,54,1,17,namecheap,,
454e3da9-1ac5-47ba-8db6-afaea5a23469,stages.talk,premium,75,,57,12,6,name.com,,
45692b28-ac2e-4cfd-9751-81fb1f2b8295,feelfor.talk,available,46.98,,70,2,8,namecheap,,
45737d98-c7de-47fa-a821-518e436bdbf7,recycled.talk,available,46.98,,79,10,8,namecheap,,
4593a5b4-f0f6-4c5e-9234-1200cb85186f,keepback.talk,available,46.98,,70,2,9,namecheap,,
45b3c962-dd2c-4a63-a531-a2a73bc209fd,demonstrated.talk,premium,75,,68,3,12,name.com,,
45c3f95e-d9a0-4da3-ba1d-9da12410ff34,standardizing.talk,available,38.99,38.99,43,1,13,namesilo,,
45da51f1-aecc-4b37-911c-57c564d79d98,closeout.talk,premium,150,,76,6,9,name.com,,
45dd2dae-8f0f-4bd0-9c2b-3c4bb21e8a61,travellers.talk,premium,150,,53,11,10,name.com,,
45ef5ed4-285f-47a0-9ae5-166e96004b4c,variations.talk,premium,75,,46,5,10,name.com,,
4646e57a-4eb5-4cf2-858e-7f046bc947ef,complaints.talk,premium,75,,40,9,10,name.com,,
4670a6cf-ce5b-4aff-908d-97b9d5de154d,tales.talk,premium,150,,72,14,5,name.com,,
469ce2d6-c0aa-4b56-a35a-d52d3d8c13e6,faces.talk,premium,150,,60,21,5,name.com,,
469e56eb-5556-4454-a34a-62e05270ea62,getoveroneself.talk,available,46.98,,62,1,16,namecheap,,
46a66371-be02-4e41-88e9-ae108ccf8aa5,officedesk.talk,available,46.98,,55,5,11,namecheap,,
46b2f40e-bb8f-48dd-8d51-e5c46835299e,favors.talk,premium,75,,76,8,6,name.com,,
46b85ace-8d39-4f42-80c5-8ce5907e0960,conducted.talk,premium,75,,54,2,9,name.com,,
46bb6745-5cb2-4135-b1d2-fc94bf3744ec,lunchwards.talk,available,46.98,,68,1,10,namecheap,,
46bc1217-6b81-41f0-bbfb-a40ad61b3b38,woodentruss.talk,available,46.98,,56,1,12,namecheap,,
46d617ef-7694-4755-a68d-d91619eb1227,distinctivefeature.talk,available,46.98,,54,0,19,namecheap,,
46fe319b-4916-44fd-a678-a041d2ed7b37,makeuseof.talk,available,46.98,,58,2,11,namecheap,,
475aa546-3951-4f1e-98ff-38dc4cdf6e7b,railways.talk,available,38.99,38.99,51,6,8,namesilo,,
475f16f9-67af-4f20-930f-f6dab5c7f8e5,gopast.talk,available,46.98,,68,0,7,namecheap,,
476106ce-c8ae-4c1b-bbd2-a3ecb3f82e20,shouts.talk,available,46.98,,47,5,6,namecheap,,
4766b4d8-d244-405c-8150-dc88fcf5b86c,businessstudies.talk,available,46.98,,70,2,16,namecheap,,
4783fe6a-286d-4754-9a9f-7888832e885c,makesense.talk,available,46.98,,82,14,10,namecheap,,
47e92242-c512-41e7-8b12-35a7f5b90c04,breads.talk,available,46.98,,58,5,6,namecheap,,
4800d9c7-7a9a-494f-82f4-5031dd6d3565,getoveron.talk,available,46.98,,72,1,11,namecheap,,
48456344-f389-49a7-9e4f-c2fb769bfb49,sucks.talk,premium,625,,48,11,5,name.com,,
484c5c98-3139-49d3-a11e-b4b83fba7fbf,knees.talk,available,46.98,,50,5,5,namecheap,,
485697c0-96b7-46b6-a5bd-5c9eb09bc13d,leaveover.talk,available,46.98,,70,1,10,namecheap,,
486b46b1-2f0c-4432-be9e-907cd72db615,oars.talk,available,46.98,,56,6,4,namecheap,,
486c287f-43a1-4ad3-bd77-d47faeb22ee3,guards.talk,premium,75,,76,9,6,name.com,,
487bb742-58a8-43f1-ac23-d595071433d5,determines.talk,premium,71.4,71.4,58,1,10,namesilo,,
48b27b16-e1d8-4078-b73f-d3f5f1a9ce8b,advantageground.talk,available,46.98,,48,0,16,namecheap,,
48d01bfb-4770-4199-a907-30b7cc700acf,principally.talk,available,46.98,,60,1,11,namecheap,,
48dc7219-affc-4e15-ab1f-5595a7444d09,onspecial.talk,available,46.98,,52,2,10,namecheap,,
48f8179e-5214-4449-a9f3-02fe95f70bb1,drums.talk,premium,150,,54,11,5,name.com,,
49050d1c-84a4-4858-930e-599735bf39ea,GuptaEmpire.talk,available,46.98,,64,1,12,namecheap,,
498ba798-8ae4-4fcb-9eb4-73e7443a894f,settlefor.talk,available,46.98,,76,0,10,namecheap,,
499bf934-aedb-4f79-b3d4-1af6b6ec2d41,makethecut.talk,available,46.98,,78,3,12,namecheap,,
49accaa6-3ba8-4da9-b7ac-5e77daae3d04,nonsmoking.talk,available,46.98,,68,3,11,namecheap,,
49b446d2-35bc-44c9-8394-d4712611c360,kicks.talk,available,46.98,,77,15,5,namecheap,,
4a06ceff-9057-453a-bbfa-88c6695e6939,finalfrontier.talk,available,46.98,,76,7,14,namecheap,,
4a214172-6f32-4e90-a325-cbb7e1b7e1c4,inthelimit.talk,available,46.98,,50,1,12,namecheap,,
4a24ed62-ceb9-4359-aa00-21ed1a2895ee,sportsperson.talk,available,46.98,,77,2,12,namecheap,,
4a30e1ab-f1ec-4b5e-a07c-19b7e66b4f87,planes.talk,premium,75,,67,13,6,name.com,,
4a488c2f-849f-4684-87bb-b592f4b0d94a,shalt.talk,available,46.98,,56,1,5,namecheap,,
4a59c1c5-56d6-4e56-84af-2cfc28e72f48,gowiththewind.talk,available,46.98,,74,1,16,namecheap,,
4a62c291-0d56-484f-b940-62b4b1c4eaee,SaintGeorge.talk,available,46.98,,54,6,12,namecheap,,
4a6e97a9-f776-4908-bcb9-253b9b59708c,highschoolstudent.talk,available,46.98,,55,0,19,namecheap,,
4a9223cf-1d0d-4cc2-beed-50ebffa3d085,neckandneck.talk,available,46.98,,46,1,13,namecheap,,
4abb9313-f60b-4413-905b-109bed9af680,feeltheburn.talk,available,46.98,,76,2,13,namecheap,,
4ad5e8e6-2cde-4b31-a995-7eed326ac992,summertime.talk,premium,75,,78,11,11,name.com,,
4aec595e-c227-421d-a0ed-9986ec801997,resists.talk,available,46.98,,52,2,7,namecheap,,
4b1f2866-770e-41e4-84c9-930d5accf8c4,replies.talk,premium,75,,54,7,7,name.com,,
4b28418c-0630-48ca-abfb-18e7d67067ac,manypartedness.talk,available,46.98,,64,1,15,namecheap,,
4b2ba2e4-75c3-4635-8160-cab4826383c4,thumbs.talk,premium,75,,56,7,6,name.com,,
4b3e5a94-2659-4526-9714-c48a5f670e9a,moveforward.talk,available,46.98,,76,9,12,namecheap,,
4b5cd9aa-c1d5-4cd0-b51d-40ded7069cc1,performed.talk,premium,75,,58,3,9,name.com,,
4b5fcd55-2d2a-48e8-a2bd-fed5862915ec,Ilostmywallet.talk,available,46.98,,50,1,16,namecheap,,
4b911b16-2af1-4d36-a54f-b7b8391505ca,vegetables.talk,premium,150,,64,8,10,name.com,,
4bb757fe-8e08-44a4-b929-753ad96900de,tornados.talk,available,46.98,,50,4,8,namecheap,,
4bbee36d-bb65-4a2c-9dd4-125536c84b20,techsupport.talk,available,46.98,,76,18,12,namecheap,,
4bcf0d4f-7393-4142-becb-2ff157f9cc1d,JollyRoger.talk,available,46.98,,82,10,11,namecheap,,
4c0c0b7b-b91f-415e-acd8-d044692de3dd,wines.talk,premium,150,,63,16,5,name.com,,
4c134277-13c2-4908-9a74-efdfa0bcd2b0,blogs.talk,premium,150,,52,21,5,name.com,,
4c2483db-5163-4b67-9182-41f88706e8ea,costofgoodssold.talk,available,46.98,,62,1,18,namecheap,,
4c2783e7-82f1-4798-859b-5f566812bfa0,havemercy.talk,available,46.98,,80,2,10,namecheap,,
4ca83474-1f4b-42e0-a89f-a17c1f159118,distinctions.talk,available,38.99,38.99,62,3,12,namesilo,,
4cbb5d91-9239-4d63-8bc2-ab23566ebf20,Snickers.talk,available,46.98,,80,10,8,namecheap,,
4cc3d0eb-e496-4af9-b151-a586a2497e07,reveals.talk,premium,71.4,71.4,53,5,7,namesilo,,
4cd48070-2e98-40dd-a315-2c3a0f57025c,thedamn.talk,available,46.98,,38,1,8,namecheap,,
4cd7a11d-08d5-4ec1-bd42-ef01a522761a,Ipop.talk,available,46.98,,76,9,5,namecheap,,
4cdd8406-4ef3-4147-874e-387f05948fef,Rounds.talk,premium,84,84,72,12,6,namecheap,,
4cecad0a-70db-4c82-a656-a3008bdc96c2,straws.talk,available,38.99,38.99,54,6,6,namesilo,,
4d0fd616-1e66-4ead-be9b-e03bf081abed,sisters.talk,premium,75,,63,15,7,name.com,,
4d10d27f-55f3-4d6f-bf5a-f4494317cd99,goit.talk,available,46.98,,76,7,5,namecheap,,
4d1ac8bb-1f3b-4885-81d3-e1cd60463ccd,happier.talk,available,46.98,,62,16,7,namecheap,,
4d316156-5e4a-4d4e-9322-4b5e656b3cd3,havereason.talk,available,46.98,,76,1,11,namecheap,,
4d61fb06-06aa-41cf-9a29-14b8e44f24cc,masterofceremonies.talk,available,46.98,,60,2,20,namecheap,,
4d6be10b-ddb1-48d6-ac44-c97e735c0533,keepfrom.talk,available,46.98,,52,1,9,namecheap,,
4d7f46a3-496d-4c58-8872-920a6b473560,fits.talk,premium,312.5,,54,15,4,name.com,,
4dbb28e0-202d-4756-ab21-5d7874d2136e,getwith.talk,available,46.98,,74,4,8,namecheap,,
4de07784-28cd-4696-9112-d9d30537a31e,surprises.talk,available,38.99,38.99,64,4,9,namesilo,,
4df086c1-ad75-4c12-bed6-59795861da09,reflexes.talk,available,38.99,38.99,55,4,8,namesilo,,
4df7e051-8bd7-4edd-87e8-bf0d21c43b16,makebelieve.talk,available,46.98,,76,9,12,namecheap,,
4e0fb794-936e-4c9d-b84f-189bd6c84ffe,newest.talk,premium,75,,64,12,6,name.com,,
4e397300-ca3f-47db-bb23-83011bdb16f0,stackup.talk,available,46.98,,64,11,8,namecheap,,
4e458c6b-075c-42c4-a056-ff227dd84dfe,havethefoggiest.talk,available,38.99,38.99,54,1,17,namesilo,,
4e8cd257-abb0-483e-b76f-f807cd89c167,truer.talk,available,38.99,38.99,57,8,5,namesilo,,
4eb0499c-372a-4b8e-b422-8c5f9e19bec3,estatetrustee.talk,available,46.98,,42,2,14,namecheap,,
4eb430f7-f342-4355-b845-7bbef484af6a,packages.talk,premium,71.4,71.4,54,13,8,namesilo,,
4eb4b380-180e-428b-a3e6-ad509fee2741,nights.talk,premium,75,,74,12,6,name.com,,
4eda03c0-9c22-4f34-9f97-9b68f69a545f,facilitation.talk,available,46.98,,74,12,12,namecheap,,
4ee35f5d-7eb6-4d18-aee1-8343de4e4c12,fights.talk,premium,150,,55,9,6,name.com,,
4ee3af3a-9f51-481e-83b7-50347c4a90e3,watched.talk,premium,75,,74,7,7,name.com,,
4f0f3bc7-4067-48d3-be27-3908103abb1e,getoutthevote.talk,available,46.98,,70,2,16,namecheap,,
4f9f9a8c-baf2-4f7d-8bd7-679fd63d75f1,commonweal.talk,available,46.98,,68,5,11,namecheap,,
4fbfc797-0491-4d32-9f96-d703bdc03a2e,shops.talk,premium,625,,64,24,5,name.com,,
4fc2597e-4024-4345-8b62-06e40eef62a2,throws.talk,premium,71.4,71.4,52,5,6,namesilo,,
4fd4c720-1558-4b1b-adac-493161da3718,teamsport.talk,available,46.98,,73,7,10,namecheap,,
4fdc446d-6b87-4062-bab8-8340bfd18217,paintpot.talk,available,46.98,,72,2,9,namecheap,,
50049c93-7b20-43a5-b6bf-fe148b219e59,makings.talk,available,38.99,38.99,70,3,7,namesilo,,
502656ce-7e9e-46ad-91dd-e2d41a7c2a0d,highseas.talk,available,46.98,,74,6,9,namecheap,,
504159cf-a978-4b03-a3a7-48aeac0cfd14,plateup.talk,available,46.98,,74,2,8,namecheap,,
506dc5c9-bb5b-413f-8188-cc6cb71c5764,clients.talk,premium,71.4,71.4,58,20,7,namesilo,,
507073e8-f286-4de1-b566-ebb089a030f2,throats.talk,available,38.99,38.99,44,2,7,namesilo,,
5075ece6-b828-499e-835c-f2d2959d8a3f,grandchildren.talk,available,46.98,,60,3,13,namecheap,,
507b896c-b732-4d10-a8d6-5866ce90a030,requires.talk,premium,75,,58,4,8,name.com,,
5082da03-a739-49cc-a4d7-579dee320d2c,apartments.talk,premium,625,,60,21,10,name.com,,
50c38b36-9554-4063-8c67-9d5b7c7684be,slipoff.talk,available,46.98,,65,1,8,namecheap,,
50cd118d-03b4-4b4e-a7b9-8b422373f40d,gorogue.talk,available,46.98,,64,4,8,namecheap,,
50f92b0f-ed01-4f48-963b-5eb5f231f5dc,explained.talk,premium,75,,50,10,9,name.com,,
511799df-222e-43f9-b86a-8263c3bcf990,goamiss.talk,available,46.98,,68,0,8,namecheap,,
513e744e-1a1c-43ff-bca7-46db750c836b,makefirstbase.talk,available,46.98,,42,1,15,namecheap,,
51535bb7-bb5a-4b65-9417-1f1c551ddb00,Imustgo.talk,available,46.98,,58,1,9,namecheap,,
516238b0-0962-4431-bea5-ea3bacd2b935,seas.talk,premium,312.5,,58,13,4,name.com,,
51978cce-716a-474a-be72-39ecd77f5102,backtobasics.talk,available,46.98,,70,10,14,namecheap,,
51cfc93b-1c57-4ca1-9d20-d32237928084,forces.talk,premium,75,,82,12,6,name.com,,
51d3b8f8-410e-49c0-bd0b-8cdeacba9492,cements.talk,available,38.99,38.99,56,3,7,namesilo,,
523b9137-bfd0-426e-8f45-2998460f81e3,pastasauce.talk,available,46.98,,79,2,11,namecheap,,
52733259-fe36-4977-9a73-4836e3a267a3,whynot.talk,available,46.98,,74,39,7,namecheap,,
52988a1a-d971-4006-9ff2-83430bd9f6e1,blowingup.talk,available,46.98,,64,1,10,namecheap,,
52afffc6-4a2b-4757-ad9a-100a97c66b6c,structurally.talk,available,46.98,,48,3,12,namecheap,,
52b5a37e-c041-4287-b207-51366416c0a3,cupboards.talk,available,38.99,38.99,48,3,9,namesilo,,
52b72812-8358-43e9-b84a-cd336ef9d6b7,blewit.talk,available,46.98,,44,2,7,namecheap,,
52def132-803b-4c48-834c-123b1d1c0c90,segregation.talk,available,46.98,,62,2,11,namecheap,,
52e44489-811d-4810-88ab-bec81c27c149,tartarsauce.talk,available,46.98,,76,2,12,namecheap,,
530e503c-d1f3-48c6-8adb-47375a6996f2,clearsailing.talk,available,46.98,,72,1,13,namecheap,,
532d3bb6-8c50-4d37-9d81-4e7f12dacdfe,CountyofKings.talk,available,46.98,,54,2,15,namecheap,,
533d230a-702d-4469-982e-515f26aeab25,fasttank.talk,available,46.98,,50,0,9,namecheap,,
5358aa00-e0f2-41b2-b460-46c9b395ce47,footballs.talk,premium,150,,64,5,9,name.com,,
536cd67b-9268-4da7-951a-043bbafa5cc9,onstage.talk,available,46.98,,64,14,8,namecheap,,
537b5ffc-d0da-4ff2-8f11-b37d90bfd2e7,breastfeeding.talk,available,46.98,,66,10,13,namecheap,,
53a6d43c-ebd4-41df-a5b9-b7db006964f3,leavenotrace.talk,available,46.98,,68,4,14,namecheap,,
53c692e6-7e5d-44f9-88a5-0d7e6d7cc32f,publishers.talk,premium,71.4,71.4,54,9,10,namesilo,,
53dbe792-3266-479a-945d-135836ce2f8f,reckoned.talk,available,46.98,,50,1,8,namecheap,,
53df1b5b-e87e-4c37-8835-810e3ecd2405,makeupremover.talk,available,46.98,,70,2,14,namecheap,,
53fc90ce-9c9e-4297-aae8-3d52a0d3dbe6,salts.talk,available,38.99,38.99,56,7,5,namesilo,,
5436f5de-f2e4-4178-913f-d47807c97a1c,makethebestof.talk,available,46.98,,72,1,16,namecheap,,
545f3630-2805-46b8-8bd8-eb6a3d8f4d3d,midbreakfast.talk,available,46.98,,70,1,12,namecheap,,
546d1f0c-7d39-4877-8f62-dc7ddb45f8ab,financeindustry.talk,available,46.98,,44,1,16,namecheap,,
547c2cba-f0fc-4cb2-bf36-f3ee8e160feb,suggestions.talk,premium,75,,56,5,11,name.com,,
54b1efef-efbc-42df-b16b-d78ca31b4ee2,glances.talk,available,46.98,,52,5,7,namecheap,,
54cfd010-1977-4a71-8028-0644dc27348b,responds.talk,available,38.99,38.99,58,3,8,namesilo,,
54d2f052-b6a6-4ce7-8cb1-f65c31e5315d,relies.talk,available,38.99,38.99,51,2,6,namesilo,,
54f47e8e-8fd1-4ecd-ab3e-d63db2a1a718,cheesedown.talk,available,46.98,,62,0,11,namecheap,,
552ec00c-25a8-4e39-82bb-df5824d2c110,deepdiving.talk,available,46.98,,76,2,11,namecheap,,
55a14b90-bc68-4901-a4c0-2f6a63460ef1,noless.talk,available,46.98,,62,4,7,namecheap,,
55ab47d0-a983-4850-891e-02ac7cc2a4a1,headout.talk,available,46.98,,82,6,8,namecheap,,
55ac929b-944b-4677-894a-c746090155f2,pullover.talk,premium,75,,74,4,9,name.com,,
55b2e9ce-7ed1-49da-9ffb-91d3e87885fb,getoutside.talk,available,46.98,,79,6,11,namecheap,,
55e62ae9-633f-47cb-96bc-3521f254a0c4,stronger.talk,premium,75,,67,19,8,name.com,,
55e6d65d-6af8-468d-b574-ff2108082250,nailed.talk,available,46.98,,58,6,6,namecheap,,
5606d02a-75a2-4fb6-947c-f1fe6d73a6a7,Williamson.talk,premium,168,168,60,13,10,namecheap,,
56545064-4d20-4efa-982b-f02cc776b84a,phones.talk,premium,150,,76,19,6,name.com,,
56560557-e435-4900-b343-273ae5f05b1c,havenousefor.talk,available,46.98,,56,0,15,namecheap,,
5670e2fb-9413-4fcd-b8a7-1de0a34a8fb5,highsociety.talk,available,46.98,,73,8,12,namecheap,,
56740f86-2816-4a45-a73c-31c12ee91cd5,clipart.talk,available,46.98,,74,8,8,namecheap,,
567d6705-2a1a-40b7-b3a2-18a712c8b10c,finalized.talk,available,46.98,,52,2,9,namecheap,,
5683e7f9-e3a5-4d26-8a1f-544d9aae7921,messed.talk,available,46.98,,46,2,6,namecheap,,
56874da2-8c60-4505-aeb4-c607e26507bd,roastbeef.talk,available,46.98,,80,4,10,namecheap,,
56a13984-c8b3-429f-bd74-929ab2e5bf1d,windowshop.talk,available,46.98,,83,5,11,namecheap,,
56a53861-1a30-493b-a0fb-1622bc13c318,comeintobeing.talk,available,46.98,,68,1,15,namecheap,,
56c43d70-2263-4a44-9941-9ed6e98139ca,secondarycare.talk,available,46.98,,69,1,14,namecheap,,
56c46629-60a7-4ad6-b6fd-0e564e945dca,cometogether.talk,available,46.98,,70,10,13,namecheap,,
56c5d910-9c08-43a7-8f64-6d80dc21b3b3,mostwanted.talk,available,46.98,,54,10,11,namecheap,,
56d22fe2-ab0f-4c5a-a2a6-b662d22d4750,blocks.talk,premium,75,,53,29,6,name.com,,
56e12920-a957-4090-8ccd-8ff8ce269a35,stockings.talk,premium,75,,58,6,9,name.com,,
56e78aa2-1f8a-4465-92b3-69c0fbf04a83,jobs.talk,premium,312.5,,79,42,4,name.com,,
56f22221-5fd4-4ba6-b59b-9ab725a4b5b2,lorditup.talk,available,46.98,,52,1,10,namecheap,,
570980fa-38ba-4b2b-b826-cee1f6e80f37,dogsledding.talk,available,38.99,38.99,76,2,11,namesilo,,
570b9faa-3c30-4a3d-bf63-30b649d471a9,manystemmed.talk,available,46.98,,68,1,12,namecheap,,
570de2e3-9d54-4005-8cdb-faca205d248e,referred.talk,premium,75,,52,6,8,name.com,,
57227759-3bc6-486e-bce4-89419e4a2f1d,goosebumps.talk,available,38.99,38.99,56,12,10,namesilo,,
57283176-fb4f-4ee6-ba6d-734b8e0fc4d6,keepwith.talk,available,46.98,,48,2,9,namecheap,,
5743022d-dde3-475d-a906-ac0c020bfc34,takealeak.talk,available,46.98,,63,1,11,namecheap,,
5745c11a-b112-448f-9561-92365986930c,stretchout.talk,available,46.98,,70,2,11,namecheap,,
574f17dc-21ca-4fb6-bfe5-08d25d8bc548,Ihaveadisability.talk,available,46.98,,50,1,19,namecheap,,
5751a583-6516-4dce-9e43-d775e920aba4,coffeeand.talk,available,46.98,,76,4,10,namecheap,,
57549854-9732-484a-927f-d67ca0a69a31,teams.talk,premium,150,,62,32,5,name.com,,
57717540-b4e6-4207-acc8-7e481d7596ab,surebet.talk,available,46.98,,82,8,8,namecheap,,
57a7684b-f00b-4524-967b-7c2f7cda355e,TwinTowers.talk,available,46.98,,66,4,11,namecheap,,
57b38761-9058-411f-9825-1675e0875895,reservation.talk,premium,75,,65,19,11,name.com,,
57e6e41e-c6a7-413f-8e8b-b1388824dc00,takeabreak.talk,available,46.98,,86,8,12,namecheap,,
580211a4-2bfe-41a3-af83-a7e2e5b64d33,plz.talk,premium,625,,72,14,3,name.com,,
581eb424-7b92-4aa0-b549-a9d837f73e9d,godownhill.talk,available,46.98,,68,1,11,namecheap,,
581fa729-8204-40ed-b2b4-0f57a416ce9b,photographers.talk,premium,71.4,71.4,47,10,13,namesilo,,
58313fb9-ba9b-4d1c-aef7-0cf05fc0fc06,organizing.talk,premium,75,,76,12,10,name.com,,
584110d4-5a6c-4f74-95fe-acde881e852a,generals.talk,available,46.98,,52,6,8,namecheap,,
5853ddb9-fa29-4bf3-9e99-60c0034bd3f9,VirginiaBeach.talk,premium,168,168,58,9,14,namecheap,,
585d462d-7e36-4207-8ea3-35e16898c1bb,keepitmoving.talk,available,46.98,,68,5,14,namecheap,,
5886c7aa-35e6-4855-9b3d-c97f127192f6,asprovidedfor.talk,available,46.98,,40,0,15,namecheap,,
588d1aeb-12c2-4a07-966b-450ffc7e8c01,thefixisin.talk,available,46.98,,38,1,13,namecheap,,
58a4356c-6c1c-4b44-9bf7-a4c9a4568b11,operators.talk,premium,75,,52,13,9,name.com,,
58b2de59-ebfe-460d-9857-1640d4d7b361,abides.talk,available,46.98,,70,4,6,namecheap,,
58e8f4b3-9955-46f8-a2bc-98ee74f0c152,todolist.talk,available,46.98,,73,12,10,namecheap,,
58f1d7e3-d15e-4387-82bb-5551c990a0c2,Catholics.talk,available,38.99,38.99,58,8,9,namesilo,,
58f928fa-d08b-44b5-b93d-af0ae902ee21,carbonmonoxide.talk,available,46.98,,54,4,15,namecheap,,
5904d51f-7767-4529-a3b2-d4d540b0dd12,SaintNicholas.talk,available,46.98,,64,4,14,namecheap,,
59120338-2654-4ce8-aa95-7feaddf2a173,changeplaces.talk,available,46.98,,62,0,13,namecheap,,
591e1b3d-eff2-4a02-b211-80ca31fee953,getoffwith.talk,available,46.98,,76,1,12,namecheap,,
59231fd1-a2e3-4865-83cd-e877cec5bb4e,slampoetry.talk,available,46.98,,78,2,11,namecheap,,
5923541a-2e18-4799-84f3-ece3a2383f21,onthemove.talk,available,46.98,,72,10,11,namecheap,,
5931ae16-8b7c-4398-9f38-3536652bb581,adjectives.talk,available,46.98,,50,3,10,namecheap,,
59558949-c6e6-4ff0-982a-03f7098a4208,ladiesandgentlemen.talk,available,46.98,,70,3,20,namecheap,,
595b6b9e-6a3c-41c1-8e64-98379eab9fcd,shareholders.talk,premium,75,,50,5,12,name.com,,
598da1f1-9e4f-4d7b-bb32-6f8d1781d696,wastes.talk,available,46.98,,50,4,6,namecheap,,
59a602a6-6a1c-4654-9fe0-de545a264f26,comes.talk,premium,150,,70,8,5,name.com,,
59abafbd-7fc7-4682-bfd4-8162e132e705,cutthrough.talk,available,46.98,,74,6,11,namecheap,,
59ba4810-2bbe-4ebd-bc33-83ed3fbd3d2c,seperation.talk,available,46.98,,48,2,10,namecheap,,
59d4e8ef-a0cf-4fa1-9ab8-fbbd068fd5da,Tools.talk,premium,168,168,56,40,5,namecheap,,
59d776e2-97fa-4797-ba6f-7aa817ceb109,payoff.talk,available,46.98,,70,8,7,namecheap,,
59ea28d0-21af-4d66-b630-67228886b867,pearls.talk,available,46.98,,64,12,6,namecheap,,
5a0ca401-d42c-49cb-b744-66f3e4176e3b,tells.talk,premium,150,,62,7,5,name.com,,
5a12cb7e-c46f-4c7b-82a0-f5d0f5034bba,picks.talk,premium,150,,52,19,5,name.com,,
5a1655e9-a12e-4c75-89d5-08f8b212757c,flashdoor.talk,available,46.98,,50,0,10,namecheap,,
5a3f07ab-f9f2-4eb3-9b79-570edb68635f,belike.talk,available,46.98,,74,7,7,namecheap,,
5a556631-cce2-4f1e-93db-f6fbfd639932,deeppockets.talk,available,46.98,,78,3,12,namecheap,,
5a6a1433-0465-4cdb-9187-baf4d73cdb37,macaronicheese.talk,available,46.98,,72,1,15,namecheap,,
5a76737b-51f3-4936-b114-b55fbcece208,goingto.talk,available,46.98,,56,6,8,namecheap,,
5a85ede0-eae9-46c8-acc9-75a2a5f97f6e,letitsnow.talk,available,46.98,,69,4,11,namecheap,,
5aab99ac-683d-4fdb-8b47-dd3fde50a67e,HarryPotter.talk,available,46.98,,72,20,12,namecheap,,
5ad7fa6f-e35c-42fb-8d47-143123a5c086,brands.talk,premium,75,,62,28,6,name.com,,
5adc82b2-45db-45a8-91da-896c88b05432,ballparkestimation.talk,available,46.98,,60,0,20,namecheap,,
5aea8329-906c-429a-b51e-db8864296758,Chanel.talk,premium,168,168,80,77,6,namecheap,,
5b085dc8-76bf-4650-ad3e-a95238543ee0,Books.talk,premium,700,700,52,49,5,namecheap,,
5b0fe8f8-a959-4831-bce7-9f51bac695fa,learns.talk,available,38.99,38.99,60,8,6,namesilo,,
5b1fccf8-b900-4337-b6a6-cef837a7af91,intheeventthat.talk,available,46.98,,48,1,17,namecheap,,
5b2fc9e4-49ec-42c4-9771-fe8fd45bc1d6,functions.talk,premium,75,,54,12,9,name.com,,
5b3646a2-336a-44f9-951b-c6079f54367f,temporarily.talk,premium,75,,62,4,11,name.com,,
5b38e8e7-13c8-4a04-83a8-151019bdd8b1,Cheddarcheese.talk,available,46.98,,66,2,14,namecheap,,
5b3cd524-14c7-4144-9e0c-d46b86c42e14,seemed.talk,premium,75,,58,4,6,name.com,,
5b43d318-7998-4422-a7fc-45948c0e6845,gowalking.talk,available,46.98,,50,2,10,namecheap,,
5b4eded6-8112-4811-b9cf-5d7ec660fe28,gotobatfor.talk,available,46.98,,42,1,13,namecheap,,
5b612810-21ed-4d6d-bd77-6916be893739,goviral.talk,available,46.98,,76,17,8,namecheap,,
5b64de2b-c0b4-4418-a955-ba283433e980,coffeeculture.talk,available,46.98,,72,4,14,namecheap,,
5b9efe8e-d3b9-4475-a651-5c0590a165c4,intheway.talk,available,46.98,,70,3,10,namecheap,,
5ba1c7f8-726b-4181-baab-7ee628de824d,LongBeach.talk,premium,168,168,62,11,10,namecheap,,
5bd0df6b-e66a-4855-a88e-03e809e994e0,questions.talk,premium,75,,78,17,9,name.com,,
5bda119d-feac-45ac-adda-1cdbc9c7225d,herbalmedicines.talk,available,46.98,,52,2,16,namecheap,,
5be2b295-96fd-47ca-a000-37278a16fca1,preliminarily.talk,available,46.98,,41,1,13,namecheap,,
5bf11b7d-4076-4224-9fad-73e590afac52,heroes.talk,premium,75,,68,29,6,name.com,,
5c035e16-1caf-47f4-a379-cb0a4e253b61,GoldenValley.talk,available,46.98,,58,6,13,namecheap,,
5c224bc3-b643-4af9-88c5-6e978144b2cc,alotof.talk,available,46.98,,60,5,8,namecheap,,
5c311fcf-b311-4881-94c7-5513229746ba,placeupon.talk,available,46.98,,48,1,10,namecheap,,
5c545fb1-aaa5-4f88-b2be-8943b256937e,getlucky.talk,available,46.98,,84,10,9,namecheap,,
5c600751-85c6-4e6b-94c8-392790ded47e,joggingsuit.talk,available,46.98,,61,1,12,namecheap,,
5cd0245d-efd4-457a-8215-3ad1b59d5c41,patientcare.talk,available,46.98,,79,8,11,namecheap,,
5cd37ddf-71f7-4130-a76f-4e148843e233,risks.talk,premium,150,,43,10,5,name.com,,
5cf98bd0-e80b-4738-ba33-dc1ba2b18ec7,manualworker.talk,available,46.98,,42,0,13,namecheap,,
5d7530b6-8192-4ae1-9198-591bf412b77c,prices.talk,premium,75,,51,15,6,name.com,,
5d9bc67b-2939-4c08-838f-b7611c142672,slicedbread.talk,available,46.98,,86,4,12,namecheap,,
5daac0fc-5a0f-4899-88b5-9b4e29fafd27,mistakes.talk,premium,75,,52,7,8,name.com,,
5db2a35e-224a-4b07-9d3e-66c737180ba7,fitthebill.talk,available,46.98,,84,1,12,namecheap,,
5de01045-39bc-4086-a93f-f3a14501b350,workmanship.talk,available,46.98,,74,3,11,namecheap,,
5df7dc7c-7e8c-4ecd-9a92-5beed99b338e,rekt.talk,available,46.98,,40,24,4,namecheap,,
5e05ba1f-5d36-435d-9a6e-35625aedb050,rewards.talk,premium,150,,62,30,7,name.com,,
5e1a1578-be7d-4f53-afd2-acf371df26ca,farms.talk,premium,150,,54,16,5,name.com,,
5e37a58b-41e5-4bfe-a958-cc5f4ebfefa4,accountants.talk,premium,625,,50,16,11,name.com,,
5e3dfdcc-6cf5-45db-8062-628529e92ecf,thinks.talk,premium,75,,64,10,6,name.com,,
5e415283-08d1-4908-a434-43d7681f3386,inspiteofoneself.talk,available,46.98,,48,1,19,namecheap,,
5e65283a-bf8e-4aed-9f42-c047c8cbf3f0,getroundto.talk,available,46.98,,74,1,12,namecheap,,
5e6782f0-2e85-4e3e-8f56-51a32074bd8e,takes.talk,premium,150,,55,10,5,name.com,,
5eac31fd-2b09-4814-89ff-dd77e58200f3,orderout.talk,available,46.98,,74,3,9,namecheap,,
5eb5c547-c778-4c32-bff9-4bc9e9909828,indoor.talk,premium,75,,72,15,6,name.com,,
5ebc147e-e38f-474f-8566-4f6cd843c356,primarycare.talk,available,46.98,,81,11,12,namecheap,,
5edd07ac-9853-4ee8-8f4f-355b71974a9f,hangup.talk,available,46.98,,68,5,7,namecheap,,
5ee82489-7853-44d8-a03e-a85a133ddde6,newsstation.talk,available,46.98,,52,3,12,namecheap,,
5f255538-b3c5-4921-ae88-96958d7fc760,toweather.talk,available,46.98,,48,1,10,namecheap,,
5f5b1ded-60c9-4ea1-aea4-81e374ff2178,reston.talk,premium,150,,75,10,7,name.com,,
5f6a6325-21e4-4363-a6d8-701e90795140,webs.talk,available,38.99,38.99,56,21,4,namesilo,,
5f8167ca-1958-43c7-9176-56cb97afd331,gettheboot.talk,available,46.98,,70,1,12,namecheap,,
600a4dc4-fb24-4a41-b57e-5592b21bb1a2,pools.talk,premium,150,,61,19,5,name.com,,
6030798e-4b7a-41c9-95ce-1838eee528ec,makethenews.talk,available,46.98,,72,2,13,namecheap,,
608ee430-f6f8-43a4-8ce8-edb505097d28,getofflightly.talk,available,46.98,,70,1,15,namecheap,,
608f39a5-5f03-410e-847e-b77830ec4fd2,letterofdismissal.talk,available,46.98,,44,1,19,namecheap,,
60bb89d1-adc3-461d-9edc-e707a40e445f,Tabascosauce.talk,available,46.98,,57,1,13,namecheap,,
60c101ae-2d13-4aa7-944e-079ed8901a9a,TyphoidMary.talk,available,46.98,,59,1,12,namecheap,,
60d90a86-b424-46ef-bf48-8b8028418b0a,toneup.talk,available,46.98,,80,5,7,namecheap,,
60dc03ac-b12e-40d4-adbb-6ca7964626c4,farmers.talk,premium,75,,54,59,7,name.com,,
60e6d651-a7fa-479b-a8db-58d67e975a9b,solarenergy.talk,available,46.98,,88,16,12,namecheap,,
60f53f5e-0fbd-45dd-a156-fe4c59686d0a,filed.talk,premium,150,,48,7,5,name.com,,
61128d3c-3e57-4594-a680-8eccf2a39a74,keepsomebodyposted.talk,available,46.98,,46,0,20,namecheap,,
61167c04-bdd8-4598-9d47-9a3425e787e0,hitwith.talk,available,46.98,,76,2,8,namecheap,,
6138ab47-c4a0-4159-b6cf-d8efd7a8df11,letthemhaveit.talk,available,46.98,,47,1,16,namecheap,,
6153ea59-5094-4430-a6ca-cb71bf70e179,havenot.talk,available,38.99,38.99,66,4,8,namesilo,,
61544dfc-a71c-4160-a4d2-9a7cd8ebb97d,notalittle.talk,available,46.98,,60,1,12,namecheap,,
616b8240-2d18-4c0b-8204-ebd7ecef54bb,notleast.talk,available,46.98,,62,1,9,namecheap,,
616f7efa-17cc-4517-a476-92abff1b9fc7,RedSox.talk,available,46.98,,72,60,7,namecheap,,
61cae715-4d54-4176-a3ef-cd3f14baf96a,potatosalad.talk,available,46.98,,70,2,12,namecheap,,
61cbde71-4585-49a8-9f48-473c31b2870b,disks.talk,premium,150,,50,6,5,name.com,,
62126098-459b-4b30-bf2a-848d8ea5f7c2,randoms.talk,available,38.99,38.99,48,8,7,namesilo,,
6231aad3-0940-4b3d-b9ad-adc256a57b61,stepin.talk,available,46.98,,74,8,7,namecheap,,
62423461-d89d-40f3-95f9-5f4f8ecd0300,gonumbertwo.talk,available,46.98,,40,1,13,namecheap,,
6255f749-3a73-4ad7-896c-0095bad2cc43,spillover.talk,available,46.98,,68,4,10,namecheap,,
625b5ffa-72a2-4d65-a5c6-1f2030753df7,cocks.talk,premium,625,,56,10,5,name.com,,
62741459-787e-484b-a383-23e5c72f52f5,participants.talk,premium,75,,58,7,12,name.com,,
6274621f-fab6-4883-b193-b23d39606edd,turnedoff.talk,available,46.98,,42,1,10,namecheap,,
627ddac0-7024-478b-a185-da77d9f2c0df,divinejustice.talk,available,46.98,,49,2,14,namecheap,,
628a1861-3d51-4e78-af89-baa9414d4a64,blazeofglory.talk,available,46.98,,72,1,14,namecheap,,
62b32f5d-dce0-4b75-83ad-3c47bf7028c4,getthroughto.talk,available,46.98,,49,1,14,namecheap,,
62cbe588-e5b1-47ab-9435-e197a99f8e93,multipurpose.talk,available,46.98,,54,4,13,namecheap,,
62ed14b8-bfef-4362-b132-97d93c33b0db,useit.talk,available,46.98,,94,7,6,namecheap,,
62efe7d4-ef54-4500-8abc-e54e9ddb99f0,signs.talk,premium,150,,64,22,5,name.com,,
630a3eba-014c-4e7e-9d4d-287757412ed6,divinegrace.talk,available,46.98,,68,3,12,namecheap,,
6314f768-7f25-4537-b8b4-5ab31568c8b0,justrewards.talk,available,46.98,,56,3,12,namecheap,,
6368461b-0999-4c6b-a913-47ce19209d87,geton.talk,available,46.98,,82,10,6,namecheap,,
63686a97-a33e-4870-a045-18bc4ebb297d,excitingness.talk,available,46.98,,68,1,12,namecheap,,
63a2d24b-d006-490a-a733-b7606f1e3450,motions.talk,available,46.98,,62,12,7,namecheap,,
63a95ba7-9964-4d86-876e-5db87703a177,tunas.talk,available,38.99,38.99,59,6,5,namesilo,,
64031486-6476-4d6e-8f9f-406ff52a871b,LoneRanger.talk,available,46.98,,70,4,11,namecheap,,
6407633f-5d41-448e-a2f5-cd56e57e4d47,pennies.talk,available,46.98,,56,6,7,namecheap,,
641242ea-0de4-4244-903b-efaaa7e2ba09,photocopying.talk,available,38.99,38.99,68,2,12,namesilo,,
642da9a8-a626-452b-8dec-5563636e20ab,assoonaspossible.talk,available,46.98,,50,1,19,namecheap,,
643e5ebf-797f-419e-8a09-6f19f03e996b,pushup.talk,available,46.98,,72,9,7,namecheap,,
645152a4-0de7-40c2-8989-f49d35580b29,getovertheline.talk,available,46.98,,69,1,17,namecheap,,
64560b23-0af4-4953-ac87-6a730e9bd7d4,landedestate.talk,available,46.98,,42,1,13,namecheap,,
645849fc-aa44-42e2-988e-7e43e2702429,cells.talk,premium,150,,61,13,5,name.com,,
645c6b47-f339-44bc-b0b6-20339d86b844,likes.talk,premium,150,,52,20,5,name.com,,
6469488c-d3e2-469e-a6a4-327e0666b4ff,cases.talk,premium,150,,50,12,5,name.com,,
64add48d-0792-495a-94b9-26025e2ef4e4,TheMall.talk,available,46.98,,68,10,8,namecheap,,
64c7dd2c-d824-4445-abdd-03daf38f3685,ebooks.talk,premium,75,,62,19,6,name.com,,
64d0a303-bb0d-49bd-b9b8-af3b06cf2112,propernouns.talk,available,38.99,38.99,48,1,12,namesilo,,
64ffb766-bc25-4974-a614-f21886e4c969,WorldWarIII.talk,available,46.98,,48,3,13,namecheap,,
6530e233-7ff7-47fc-977b-14f26b84afea,bloodpressurecuff.talk,available,46.98,,48,1,19,namecheap,,
65453c91-b510-4333-918c-9dad8b867110,Qtips.talk,available,46.98,,60,4,6,namecheap,,
6549f4df-d9ba-42ab-ab5a-b2f08df79291,letpast.talk,available,46.98,,75,1,8,namecheap,,
6575eef2-e52b-4db0-9514-695f98382e08,dads.talk,premium,625,,60,17,4,name.com,,
65797509-f702-4c93-b206-0c3098b76fc6,carryforward.talk,available,46.98,,66,3,13,namecheap,,
65936661-7575-4f43-b389-29452c2cff7f,Ihaveaheadache.talk,available,46.98,,50,1,17,namecheap,,
65a336f5-d85c-4bf0-936b-3d38a95afaef,underestimated.talk,available,46.98,,42,6,14,namecheap,,
65ae5520-afa0-41ae-b403-2ae464ae9f65,neuroscience.talk,available,46.98,,80,37,12,namecheap,,